customer_id,age,monthly_income_ksh,employment_years,credit_score,loan_amount_ksh,loan_term_months,existing_loans,late_payments_last_12m,debt_to_income_ratio,savings_ksh,dependents,employment_type,education_level,housing_status,loan_default
CUST10001,23,101577.0,17.2,567.0,128700.0,24,2,0,0.64,22900.0,5,Salaried,Diploma,Rent,1
CUST10002,49,107972.0,4.1,732.0,109800.0,36,3,1,0.38,31300.0,3,Salaried,Degree,Family,1
CUST10003,55,41551.0,3.5,672.0,245700.0,36,1,0,0.29,108400.0,4,Salaried,Diploma,Own,0
CUST10004,59,66605.0,7.8,732.0,159200.0,12,1,5,0.18,45200.0,4,Salaried,Degree,Rent,1
CUST10005,38,46412.0,4.7,589.0,178300.0,24,2,0,0.33,69900.0,3,Salaried,Secondary,Family,1
CUST10006,40,184613.0,7.7,672.0,109500.0,36,0,0,0.57,140000.0,1,Salaried,Degree,Rent,1
CUST10007,63,109897.0,2.1,751.0,201800.0,24,1,0,0.58,54800.0,3,Self-employed,Degree,Family,0
CUST10008,43,30433.0,7.1,767.0,96100.0,24,0,0,0.26,56700.0,3,Salaried,Diploma,,0
CUST10009,54,34657.0,14.6,699.0,310100.0,6,0,1,0.32,88800.0,4,Salaried,Secondary,Own,1
CUST10010,53,36900.0,10.7,707.0,186400.0,24,0,0,0.29,82800.0,0,Self-employed,Diploma,Own,1
CUST10011,30,86805.0,9.1,591.0,98700.0,24,3,1,0.54,62700.0,3,Salaried,Degree,Rent,1
CUST10012,53,85880.0,13.8,671.0,226800.0,24,2,0,0.32,92500.0,2,Business,Postgraduate,Own,0
CUST10013,53,47072.0,16.6,655.0,83800.0,12,2,4,0.37,91500.0,1,Business,Diploma,Own,1
CUST10014,46,68543.0,0.0,671.0,94300.0,36,1,2,0.3,315700.0,2,Salaried,Degree,Rent,0
CUST10015,40,211945.0,4.7,673.0,101200.0,24,0,0,0.13,38000.0,5,Salaried,Diploma,Own,0
CUST10016,35,85397.0,10.4,624.0,417600.0,24,4,1,0.31,116500.0,2,Business,Secondary,Family,1
CUST10017,57,72248.0,3.7,626.0,177500.0,6,0,0,0.34,42500.0,1,Business,Degree,Own,1
CUST10018,53,67164.0,,,114600.0,36,2,0,0.46,98700.0,3,Business,Degree,Own,1
CUST10019,37,,1.7,586.0,108300.0,18,0,0,0.41,22800.0,0,Self-employed,Secondary,Own,1
CUST10020,25,25154.0,10.3,662.0,146300.0,18,1,0,0.39,103100.0,4,Business,Degree,Rent,0
CUST10021,24,88418.0,8.6,664.0,149500.0,36,0,2,0.12,34100.0,3,Salaried,Degree,Rent,1
CUST10022,23,104509.0,12.2,618.0,83100.0,12,3,0,0.3,77800.0,0,Contract,Degree,Rent,0
CUST10023,41,24526.0,17.4,643.0,273000.0,12,1,3,0.25,110800.0,3,Contract,Degree,Family,0
CUST10024,60,84759.0,10.3,630.0,307300.0,24,3,0,0.25,204700.0,0,Salaried,Degree,Rent,1
CUST10025,23,47500.0,21.7,611.0,176700.0,24,0,1,0.6,33600.0,5,Self-employed,Degree,Rent,1
CUST10026,41,47906.0,0.0,657.0,331200.0,6,4,1,0.44,55800.0,5,Salaried,Degree,Rent,1
CUST10027,28,51073.0,0.6,553.0,126600.0,24,0,0,0.41,293700.0,5,Salaried,,Rent,1
CUST10028,62,96855.0,5.3,850.0,211400.0,24,1,2,0.32,96100.0,5,Salaried,Diploma,Family,1
CUST10029,56,43142.0,4.0,674.0,110100.0,24,2,0,0.25,121000.0,4,Salaried,Diploma,Rent,0
CUST10030,49,40475.0,7.7,613.0,133000.0,24,4,0,0.43,566600.0,1,Salaried,Postgraduate,Rent,1
CUST10031,59,,10.0,671.0,375600.0,12,2,1,0.23,57600.0,0,Salaried,Postgraduate,Own,1
CUST10032,54,46157.0,9.3,631.0,61600.0,12,2,3,0.19,143800.0,4,Business,Diploma,Own,1
CUST10033,42,65629.0,17.2,714.0,59700.0,6,1,0,0.52,145400.0,1,SELF-EMPLOYED,Degree,Own,0
CUST10034,51,75563.0,0.0,732.0,128100.0,6,0,1,0.28,128400.0,5,Salaried,Postgraduate,Own,0
CUST10035,48,49868.0,9.0,774.0,206500.0,36,0,2,0.27,36600.0,1,Salaried,Degree,Own,1
CUST10036,55,77632.0,11.1,661.0,108300.0,24,3,3,0.32,217900.0,4, salaried ,Degree,Own,1
CUST10037,54,103062.0,5.0,662.0,368000.0,12,1,0,0.56,137900.0,5,Salaried,Postgraduate,Rent,0
CUST10038,33,95849.0,0.0,669.0,168800.0,36,2,1,0.42,91600.0,0,Salaried,Diploma,Rent,1
CUST10039,61,97392.0,,598.0,312500.0,36,0,1,0.33,61000.0,4,Self-employed,Secondary,Rent,1
CUST10040,24,56819.0,11.8,754.0,381800.0,24,0,2,0.31,241800.0,1,Self-employed,Degree,Family,0
CUST10041,63,80055.0,10.4,609.0,66100.0,24,1,0,0.4,85900.0,2,Salaried,Secondary,Rent,0
CUST10042,26,69151.0,8.7,614.0,204700.0,24,4,0,0.39,72400.0,1,Salaried,Diploma,Family,1
CUST10043,21,63657.0,4.0,675.0,200600.0,24,0,0,0.36,112100.0,3,Salaried,Degree,Own,1
CUST10044,32,125539.0,0.0,631.0,108400.0,18,3,0,0.19,182000.0,0,Contract,Diploma,Family,1
CUST10045,55,14977.0,10.4,660.0,90100.0,24,0,0,0.57,108600.0,4,Self-employed,Secondary,Own,1
CUST10046,31,57685.0,0.2,570.0,390100.0,6,1,0,0.28,75800.0,3,Business,Degree,Rent,1
CUST10047,43,60812.0,1.1,709.0,220100.0,36,1,1,0.34,75900.0,2,Business,Degree,Rent,1
CUST10048,34,49966.0,15.7,746.0,124100.0,24,1,1,0.31,163100.0,1,Salaried,Degree,Rent,1
CUST10049,39,35591.0,6.9,647.0,225600.0,36,3,1,0.5,25500.0,3,Contract,Secondary,Rent,1
CUST10050,57,53350.0,10.7,717.0,286600.0,24,2,1,0.47,65000.0,5,Business,Degree,Family,1
CUST10051,36,56457.0,8.0,654.0,275400.0,24,1,1,0.23,133300.0,1,Contract,Degree,Own,0
CUST10052,64,37963.0,8.9,650.0,198800.0,12,0,0,0.3,35500.0,4,Salaried,Degree,Own,1
CUST10053,48,31301.0,10.6,575.0,321500.0,18,1,2,0.3,32300.0,3,Business,Degree,Own,1
CUST10054,65,30620.0,1.8,665.0,112400.0,36,0,2,0.42,238700.0,5,Salaried,Diploma,Own,1
CUST10055,51,57380.0,3.0,658.0,190800.0,24,0,2,0.44,67100.0,4,Salaried,Degree,Rent,1
CUST10056,27,45650.0,2.1,643.0,147800.0,24,1,0,0.29,185000.0,1,Self-employed,Diploma,Family,1
CUST10057,47,95331.0,6.9,677.0,282500.0,48,0,0,0.53,23000.0,4,Self-employed,Postgraduate,Rent,0
CUST10058,37,47572.0,0.0,642.0,110100.0,24,0,4,0.39,429300.0,4,Salaried,Postgraduate,Own,1
CUST10059,27,51844.0,11.3,619.0,239600.0,12,0,0,0.38,26800.0,4,Contract,Diploma,Rent,1
CUST10060,35,59261.0,6.3,654.0,217300.0,18,1,0,0.23,60300.0,4,Salaried,Diploma,Own,0
CUST10061,60,75334.0,0.0,664.0,187800.0,18,1,0,0.46,278700.0,0,Contract,Degree,Family,0
CUST10062,32,43592.0,12.8,712.0,270200.0,12,2,2,0.51,163800.0,4,Contract,Degree,Rent,1
CUST10063,28,89016.0,0.0,628.0,116900.0,48,1,0,0.28,167700.0,2,Salaried,Postgraduate,Rent,0
CUST10064,22,,12.9,688.0,110800.0,24,0,0,0.54,70900.0,2,Business,Degree,Own,1
CUST10065,64,33174.0,6.1,631.0,205300.0,48,1,0,0.26,56300.0,1,Salaried,Degree,Rent,0
CUST10066,58,33093.0,6.4,672.0,113800.0,24,1,1,0.37,53800.0,4,Business,Degree,Rent,0
CUST10067,46,49472.0,5.0,610.0,91200.0,18,1,1,0.39,298800.0,4,Contract,Degree,Rent,1
CUST10068,41,106323.0,10.2,625.0,580300.0,6,2,1,0.34,152500.0,3, salaried ,Secondary,Family,1
CUST10069,33,77689.0,10.5,759.0,95600.0,18,0,0,0.43,31400.0,5,Business,Degree,Rent,0
CUST10070,39,123710.0,5.4,672.0,136300.0,12,0,0,0.22,39600.0,2,Salaried,Degree,Rent,0
CUST10071,38,44338.0,6.6,669.0,112300.0,24,0,0,0.38,112500.0,1,Salaried,Degree,Rent,0
CUST10072,22,54415.0,18.4,688.0,160400.0,24,0,0,0.22,65400.0,5,Salaried,Secondary,Rent,0
CUST10073,65,64817.0,9.2,704.0,79200.0,24,0,1,0.24,176100.0,3,Salaried,Secondary,Rent,0
CUST10074,62,59555.0,4.4,600.0,129300.0,12,1,0,0.35,32200.0,0,Salaried,Degree,Family,1
CUST10075,48,33152.0,12.9,700.0,352500.0,24,2,1,0.32,55100.0,2,Business,Degree,Own,0
CUST10076,43,43442.0,3.1,686.0,145800.0,24,1,4,0.26,89400.0,2,Self-employed,Degree,Rent,1
CUST10077,24,33065.0,16.1,774.0,92300.0,12,1,1,0.59,58900.0,2,Self-employed,Degree,Own,0
CUST10078,24,34014.0,13.5,706.0,142900.0,12,2,3,0.24,63100.0,5,Business,Degree,Own,1
CUST10079,32,48645.0,4.3,586.0,93300.0,24,0,0,0.26,142100.0,1,Self-employed,Diploma,Own,1
CUST10080,42,116180.0,5.9,564.0,175000.0,24,1,2,0.4,75200.0,2,Salaried,Postgraduate,Family,1
CUST10081,46,42776.0,14.5,760.0,193000.0,12,1,0,0.44,67800.0,1,Salaried,Secondary,rent ,1
CUST10082,60,17818.0,9.9,618.0,265100.0,24,1,1,0.26,65000.0,1,Salaried,Degree,Rent,1
CUST10083,62,56074.0,16.4,608.0,162600.0,12,0,0,0.35,358200.0,4,Self-employed,Diploma,Own,1
CUST10084,55,15415.0,14.0,648.0,117800.0,36,0,0,0.16,93200.0,4,Self-employed,Postgraduate,Rent,0
CUST10085,24,45455.0,6.2,642.0,296400.0,18,1,0,0.18,53100.0,3,Self-employed,Diploma,Rent,1
CUST10086,32,23984.0,7.3,736.0,153400.0,36,2,0,0.52,148600.0,1,Contract,Diploma,Family,0
CUST10087,24,74505.0,9.7,604.0,203900.0,12,1,2,0.33,300900.0,1,Business,Diploma,Family,1
CUST10088,51,19349.0,0.4,621.0,229200.0,24,1,0,0.43,85500.0,1,Salaried,Diploma,Own,1
CUST10089,27,32737.0,4.9,688.0,195600.0,24,1,1,0.29,95500.0,4,Contract,Diploma,Rent,1
CUST10090,30,80057.0,3.7,660.0,287600.0,24,2,1,0.29,69800.0,2,Salaried,Degree,Rent,1
CUST10091,44,190489.0,13.0,683.0,67400.0,24,2,0,0.35,104900.0,0,Salaried,Diploma,Rent,0
CUST10092,35,66510.0,18.2,,272100.0,48,0,1,0.38,89000.0,3,Salaried,Degree,Own,1
CUST10093,59,60421.0,10.0,632.0,388300.0,24,0,1,0.3,146000.0,1,Self-employed,Diploma,,1
CUST10094,40,50884.0,4.4,709.0,59600.0,18,1,2,0.21,179500.0,2,Self-employed,Degree,Family,1
CUST10095,27,47323.0,7.7,628.0,428000.0,24,0,0,0.42,41200.0,2,Salaried,Secondary,Rent,0
CUST10096,33,31379.0,1.7,675.0,124400.0,24,0,0,0.43,24300.0,4,Self-employed,Diploma,Own,1
CUST10097,48,47571.0,7.3,570.0,337100.0,12,0,2,0.27,56100.0,5,Business,Diploma,Family,1
CUST10098,59,92808.0,4.7,655.0,98800.0,12,1,0,0.25,34700.0,0,Contract,Diploma,Rent,0
CUST10099,38,49056.0,8.4,695.0,230300.0,24,2,2,0.46,84000.0,0,Salaried,Secondary,Rent,1
CUST10100,31,59575.0,5.4,649.0,60000.0,18,0,1,0.16,70900.0,0,Business,Degree,Rent,1
CUST10101,56,94942.0,4.8,663.0,207600.0,18,0,0,0.47,36300.0,4,Salaried,Degree,Own,1
CUST10102,56,32014.0,5.5,650.0,214800.0,24,1,1,0.46,177300.0,2,Salaried,Diploma,Rent,0
CUST10103,22,37886.0,7.4,687.0,299100.0,36,0,1,0.49,147400.0,5,Salaried,Degree,Rent,1
CUST10104,37,44947.0,4.8,567.0,105700.0,24,0,1,0.51,97200.0,2,Salaried,Diploma,Rent,1
CUST10105,26,57974.0,10.7,710.0,112900.0,12,1,0,0.35,29000.0,0,Business,Diploma,Own,0
CUST10106,61,40728.0,8.5,697.0,149500.0,24,0,1,0.3,82400.0,4,Business,Degree,Rent,0
CUST10107,43,61656.0,6.2,583.0,186600.0,36,1,3,0.3,89600.0,1,Salaried,Secondary,Family,1
CUST10108,36,43961.0,3.9,596.0,127700.0,24,0,1,0.35,37600.0,4,Contract,Postgraduate,Own,1
CUST10109,61,70991.0,7.0,667.0,82800.0,24,2,0,0.42,308800.0,3,Salaried,Degree,Own,0
CUST10110,46,38486.0,0.7,592.0,123700.0,36,0,1,0.12,123900.0,1,Business,Diploma,Own,0
CUST10111,21,89571.0,4.5,653.0,166100.0,12,1,1,0.54,87100.0,5,Self-employed,Postgraduate,Own,1
CUST10112,56,36593.0,0.0,655.0,72000.0,24,1,1,0.39,77000.0,1,Salaried,Secondary,,1
CUST10113,50,48374.0,14.2,688.0,167800.0,24,2,2,0.45,101900.0,1,Contract,Degree,Family,1
CUST10114,22,53984.0,2.0,499.0,223700.0,12,1,0,0.52,24200.0,4,Self-employed,Secondary,Rent,0
CUST10115,40,26024.0,4.5,679.0,52000.0,24,0,0,0.28,44800.0,4,Self-employed,Secondary,Rent,0
CUST10116,25,58834.0,14.9,686.0,179800.0,12,1,0,0.26,77300.0,4,Salaried,Diploma,Family,0
CUST10117,51,59972.0,10.8,667.0,53100.0,24,1,0,0.28,55800.0,4,Salaried,Degree,Rent,0
CUST10118,28,165637.0,3.7,732.0,275000.0,6,1,1,0.22,39900.0,4,Business,Postgraduate,Rent,0
CUST10119,50,58813.0,7.7,713.0,91900.0,24,1,2,0.34,92500.0,1,Salaried,Secondary,Rent,1
CUST10120,59,57010.0,12.9,666.0,110300.0,36,0,1,0.39,92400.0,1,Self-employed,Diploma,Rent,0
CUST10121,22,206140.0,11.0,618.0,258100.0,36,0,2,0.28,67300.0,0,Business,Diploma,Rent,1
CUST10122,33,49766.0,3.5,675.0,102300.0,36,1,0,0.41,126200.0,5,Salaried,Secondary,Rent,1
CUST10123,24,68394.0,10.3,604.0,204300.0,6,1,0,0.22,134800.0,1,Business,Diploma,Own,0
CUST10124,65,42494.0,5.9,616.0,107700.0,12,0,1,0.55,82400.0,0,Business,Degree,Family,1
CUST10125,28,37301.0,7.5,583.0,212300.0,12,0,1,0.35,367800.0,1,Self-employed,Degree,Rent,1
CUST10126,59,47467.0,6.7,630.0,134800.0,24,3,0,0.31,87200.0,2,Self-employed,Degree,Own,1
CUST10127,45,65327.0,14.7,671.0,167400.0,36,1,0,0.54,166900.0,4,Salaried,Degree,Rent,0
CUST10128,27,71634.0,4.8,616.0,90000.0,12,1,1,0.38,471300.0,1,Contract,Secondary,Own,1
CUST10129,34,52618.0,9.7,693.0,106300.0,36,1,3,0.18,95200.0,1,Salaried,Degree,Rent,1
CUST10130,49,59608.0,0.8,706.0,199300.0,18,0,0,0.44,94700.0,4,Salaried,Diploma,Own,1
CUST10131,65,123444.0,0.0,662.0,208300.0,12,1,0,0.44,105300.0,0,Business,Degree,Rent,1
CUST10132,41,34836.0,15.7,765.0,185400.0,18,0,4,0.21,65400.0,0,Business,Degree,Rent,1
CUST10133,57,69611.0,10.9,692.0,104700.0,12,0,1,0.5,28200.0,4,Self-employed,Degree,Rent,0
CUST10134,17,94365.0,9.9,692.0,297500.0,12,4,2,0.25,119100.0,0,Contract,Degree,Own,1
CUST10135,61,36422.0,11.1,599.0,190000.0,48,3,0,0.56,68500.0,3,Salaried,Degree,Rent,1
CUST10136,45,22744.0,10.0,663.0,277800.0,12,0,0,0.22,133000.0,1,Business,Degree,Own,0
CUST10137,34,51350.0,3.8,679.0,183100.0,36,0,3,0.14,70000.0,2,Salaried,Secondary,,1
CUST10138,29,88706.0,9.3,703.0,113500.0,6,2,1,0.36,326900.0,0,Salaried,Degree,Rent,1
CUST10139,35,57499.0,3.7,660.0,238100.0,6,1,0,0.3,194000.0,2,Salaried,Degree,Own,1
CUST10140,27,43440.0,9.9,610.0,213300.0,24,1,1,0.45,97300.0,2,Salaried,Degree,Rent,1
CUST10141,22,47691.0,1.0,663.0,103700.0,24,2,2,0.28,42600.0,2,Self-employed,Degree,Rent,1
CUST10142,51,39054.0,8.8,577.0,136000.0,24,2,2,0.29,75300.0,2,Salaried,Diploma,Rent,1
CUST10143,27,137141.0,0.0,690.0,402200.0,36,3,0,0.29,128700.0,0,Contract,Diploma,Rent,1
CUST10144,61,86935.0,12.8,578.0,65600.0,12,2,1,0.24,79500.0,4,Salaried,Secondary,Rent,0
CUST10145,31,46334.0,8.7,587.0,387200.0,12,1,1,0.52,81000.0,5,Salaried,Diploma,Own,1
CUST10146,33,49385.0,5.0,711.0,201300.0,24,1,1,0.3,62500.0,2,Business,Secondary,Own,0
CUST10147,33,146942.0,10.7,625.0,61800.0,12,2,0,0.51,190800.0,0,Self-employed,Diploma,Rent,1
CUST10148,46,70094.0,11.8,569.0,140200.0,24,1,1,0.33,57200.0,0,Self-employed,Secondary,Own,1
CUST10149,63,97478.0,10.9,658.0,95200.0,24,2,0,0.27,150500.0,1,Business,Diploma,Own,1
CUST10150,28,34547.0,3.1,668.0,115200.0,24,0,1,0.4,71100.0,0,Salaried,Diploma,Rent,0
CUST10151,34,77452.0,7.2,651.0,97900.0,36,0,0,0.7,48600.0,5,Salaried,Degree,Family,0
CUST10152,65,52655.0,5.0,659.0,411800.0,36,1,0,0.26,22300.0,1,Salaried,Degree,Own,0
CUST10153,22,73831.0,11.5,575.0,93100.0,12,0,0,0.51,38100.0,4,Business,Degree,Rent,1
CUST10154,62,41604.0,4.4,630.0,220700.0,12,0,2,0.4,46400.0,1,Business,Degree,Own,1
CUST10155,35,107597.0,6.6,767.0,246900.0,12,2,0,0.38,49100.0,1,Salaried,Diploma,Rent,1
CUST10156,44,42568.0,15.0,681.0,184800.0,48,1,1,0.29,86600.0,3,Salaried,Diploma,Own,1
CUST10157,54,55424.0,3.1,589.0,89900.0,12,1,1,0.47,24200.0,1,Contract,Secondary,Family,1
CUST10158,24,20268.0,6.7,653.0,154600.0,12,0,1,0.32,93700.0,2,Salaried,Diploma,Family,1
CUST10159,38,66184.0,10.9,676.0,233900.0,24,0,0,0.51,18900.0,2,Contract,Secondary,Family,0
CUST10160,45,82706.0,2.0,620.0,119300.0,36,0,0,0.37,185800.0,3,Self-employed,Degree,Family,1
CUST10161,44,48453.0,18.6,636.0,380200.0,12,2,1,0.31,31900.0,1,Self-employed,Diploma,Rent,0
CUST10162,26,66683.0,0.8,640.0,122500.0,12,0,0,0.36,127900.0,2, salaried ,Secondary,Rent,0
CUST10163,54,113979.0,5.1,722.0,276200.0,36,1,2,0.35,22100.0,5,Salaried,Diploma,Rent,0
CUST10164,58,68652.0,8.7,683.0,288500.0,24,1,0,0.52,106300.0,0,Self-employed,Diploma,Rent,0
CUST10165,23,56010.0,12.2,684.0,77200.0,12,1,0,0.22,30400.0,3,Contract,Postgraduate,Rent,1
CUST10166,39,67506.0,4.8,579.0,239600.0,12,0,2,0.25,56900.0,3,Self-employed,Postgraduate,Family,0
CUST10167,56,57766.0,0.7,655.0,155100.0,24,1,0,0.31,57500.0,3,Salaried,Diploma,Family,1
CUST10168,39,62557.0,7.3,573.0,139700.0,24,1,1,0.48,111900.0,3,Self-employed,Degree,Family,1
CUST10169,48,77310.0,15.4,652.0,365000.0,24,0,0,0.35,102000.0,5,Salaried,Degree,Family,0
CUST10170,30,38538.0,0.0,606.0,182200.0,24,0,0,0.28,37000.0,3,Salaried,Degree,Rent,1
CUST10171,38,64263.0,8.3,,113300.0,12,0,3,0.16,27500.0,3,Salaried,Secondary,Family,1
CUST10172,24,42603.0,15.6,612.0,114300.0,36,1,1,0.59,190200.0,2,Self-employed,Degree,Family,1
CUST10173,32,59943.0,2.9,803.0,62100.0,6,2,0,0.36,34900.0,4,Salaried,Degree,Own,0
CUST10174,47,80741.0,8.6,380.0,129400.0,12,1,1,0.35,252900.0,4,Salaried,Degree,Rent,0
CUST10175,49,28899.0,2.0,592.0,280800.0,36,2,2,0.26,78100.0,1,Salaried,Degree,Family,1
CUST10176,32,75805.0,9.3,710.0,252100.0,12,2,0,0.27,65500.0,0,Salaried,Degree,Own,1
CUST10177,31,37004.0,6.8,624.0,138600.0,24,0,0,0.39,108200.0,1,Contract,Degree,Rent,1
CUST10178,24,55446.0,0.0,637.0,177100.0,12,1,0,0.52,144700.0,4,Salaried,Degree,Family,1
CUST10179,44,44316.0,12.8,589.0,187400.0,24,0,1,0.42,51600.0,5,SELF-EMPLOYED,Diploma,Own,0
CUST10180,46,60681.0,10.7,578.0,239400.0,36,1,1,0.35,55200.0,5,Salaried,Diploma,Own,1
CUST10181,48,63438.0,9.7,504.0,144200.0,36,1,0,0.43,30300.0,2,Business,Secondary,Own,1
CUST10182,24,52156.0,15.5,638.0,77300.0,36,0,3,0.53,51500.0,5,Salaried,Secondary,Own,1
CUST10183,56,60883.0,12.8,626.0,198900.0,24,0,1,0.58,72400.0,0,Salaried,Diploma,Rent,1
CUST10184,35,44213.0,7.5,751.0,145800.0,48,1,2,0.29,113000.0,0,Salaried,Secondary,Own,0
CUST10185,42,41919.0,8.8,656.0,247600.0,12,2,2,0.42,82600.0,4,Salaried,Postgraduate,Rent,1
CUST10186,44,45864.0,6.0,718.0,158400.0,24,1,0,0.35,72000.0,3,Salaried,Degree,Rent,0
CUST10187,44,27642.0,1.8,742.0,222400.0,36,1,1,0.33,102100.0,0,Business,Postgraduate,Family,1
CUST10188,57,79323.0,8.3,691.0,136600.0,12,1,3,0.33,100400.0,5,Salaried,Secondary,Own,1
CUST10189,25,36240.0,3.4,676.0,183500.0,12,3,1,0.25,79300.0,4,Business,Degree,Family,0
CUST10190,26,56454.0,10.5,661.0,172800.0,36,1,2,0.36,147300.0,2,Salaried,Degree,Own,1
CUST10191,30,62628.0,4.3,655.0,111100.0,36,0,0,0.22,104400.0,4,Salaried,Degree,Rent,1
CUST10192,23,42621.0,5.1,648.0,90900.0,24,1,0,0.43,26600.0,0,Salaried,Degree,rent ,0
CUST10193,58,84291.0,8.7,560.0,196200.0,6,0,1,0.36,140300.0,4,Business,Diploma,Family,1
CUST10194,54,80802.0,19.5,697.0,177900.0,24,1,0,0.42,170800.0,0,Contract,Postgraduate,Family,0
CUST10195,26,57568.0,11.6,653.0,178800.0,24,0,1,0.4,246700.0,3,Contract,Secondary,Own,0
CUST10196,30,36325.0,0.6,588.0,203300.0,36,0,3,0.26,61900.0,1,Contract,Degree,Rent,1
CUST10197,36,71508.0,0.0,690.0,72300.0,36,2,1,0.33,136400.0,3,Salaried,Secondary,Rent,1
CUST10198,49,76060.0,3.9,708.0,303200.0,24,0,1,0.44,90600.0,5,Salaried,Diploma,Own,1
CUST10199,23,35177.0,11.8,560.0,741200.0,24,1,2,0.37,90000.0,4,Self-employed,Diploma,Rent,1
CUST10200,31,65684.0,3.5,592.0,59500.0,18,1,1,0.22,110600.0,5,Salaried,Diploma,Family,1
CUST10201,57,118599.0,7.4,690.0,204200.0,24,1,2,0.35,63300.0,1,Business,Degree,Family,1
CUST10202,24,42801.0,8.8,692.0,386700.0,18,0,1,0.55,45200.0,4,Salaried,Postgraduate,Own,0
CUST10203,24,49901.0,13.9,,124900.0,24,2,0,0.41,34100.0,5,Salaried,Postgraduate,Family,1
CUST10204,44,57038.0,12.2,650.0,93600.0,6,0,1,0.14,76300.0,0,Salaried,Degree,Own,1
CUST10205,48,124453.0,0.0,614.0,154100.0,12,2,0,0.33,192700.0,5,Salaried,Diploma,Rent,1
CUST10206,55,79230.0,5.0,698.0,137800.0,12,2,0,0.29,54500.0,3,Business,Diploma,Family,1
CUST10207,58,41783.0,,757.0,178200.0,24,1,0,0.49,81800.0,1,Salaried,Diploma,Own,0
CUST10208,44,75659.0,0.0,658.0,302100.0,24,1,1,0.38,62400.0,1,Salaried,Postgraduate,Family,1
CUST10209,42,,4.0,589.0,208900.0,12,0,2,0.33,89200.0,0,Salaried,Postgraduate,Own,1
CUST10210,46,27510.0,17.8,712.0,101800.0,24,1,2,0.27,58800.0,5,Salaried,Diploma,Rent,1
CUST10211,38,39016.0,9.4,516.0,202500.0,24,0,1,0.41,142500.0,1,Salaried,Degree,,1
CUST10212,23,54907.0,0.0,682.0,99600.0,18,1,0,0.27,23700.0,4, salaried ,Diploma,Own,1
CUST10213,31,63913.0,3.1,772.0,196600.0,24,0,2,0.3,58700.0,4,Salaried,Degree,Rent,1
CUST10214,29,20166.0,9.9,569.0,356900.0,18,1,2,0.36,347100.0,2,Salaried,Postgraduate,Own,1
CUST10215,53,77367.0,6.6,782.0,222100.0,12,2,2,0.34,127100.0,1,Salaried,Degree,Rent,0
CUST10216,46,129684.0,7.0,669.0,257000.0,36,2,1,0.39,202000.0,3,Business,Diploma,Own,1
CUST10217,56,82591.0,10.9,689.0,147800.0,12,3,0,0.51,61000.0,2,Salaried,Degree,Rent,0
CUST10218,24,55885.0,8.6,545.0,149000.0,6,0,0,0.47,85200.0,1,Business,Degree,Rent,0
CUST10219,22,,5.1,,97100.0,36,1,2,0.16,435000.0,3,Salaried,Diploma,Rent,1
CUST10220,28,61949.0,6.7,702.0,189900.0,12,1,0,0.23,177300.0,1,Salaried,Degree,Own,0
CUST10221,27,71485.0,8.5,645.0,117300.0,12,1,1,0.38,83700.0,2,Salaried,Secondary,Own,0
CUST10222,56,86915.0,4.8,550.0,280800.0,18,1,3,0.25,43300.0,3,Salaried,Degree,Own,1
CUST10223,54,82446.0,9.7,685.0,128800.0,24,0,0,0.35,309900.0,0,Salaried,Postgraduate,Own,0
CUST10224,60,37715.0,14.5,634.0,110700.0,36,0,0,0.54,61100.0,4,Self-employed,Postgraduate,Rent,1
CUST10225,39,65638.0,8.0,730.0,120200.0,12,2,1,0.55,99400.0,4,Salaried,Degree,Rent,0
CUST10226,49,83793.0,10.0,686.0,84500.0,24,0,0,0.23,182400.0,1,Salaried,Secondary,Rent,1
CUST10227,59,53915.0,0.0,566.0,316100.0,6,0,2,0.17,32900.0,2,Self-employed,Secondary,Rent,1
CUST10228,26,66127.0,12.1,552.0,255100.0,6,1,1,0.27,220600.0,5,Business,Diploma,Rent,1
CUST10229,30,53201.0,8.6,648.0,182500.0,24,0,1,0.33,114300.0,3,Salaried,Diploma,Own,0
CUST10230,61,102093.0,3.8,808.0,280600.0,36,0,0,0.42,57400.0,1,Salaried,Degree,Own,0
CUST10231,62,69925.0,0.0,716.0,83800.0,6,1,1,0.3,32500.0,1,Self-employed,Secondary,Own,0
CUST10232,25,74202.0,9.4,710.0,181600.0,12,3,0,0.44,138700.0,2,Self-employed,Secondary,Own,1
CUST10233,44,57393.0,9.7,634.0,94400.0,12,1,0,0.41,65500.0,1,Salaried,Secondary,Rent,1
CUST10234,61,101601.0,6.3,537.0,92300.0,6,2,0,0.49,136400.0,0,Business,Diploma,Own,1
CUST10235,42,38531.0,0.1,633.0,107600.0,24,3,1,0.3,29100.0,1,Self-employed,Degree,Rent,1
CUST10236,46,101134.0,5.4,594.0,163300.0,36,2,0,0.43,31300.0,5,Business,Degree,Rent,1
CUST10237,57,50173.0,3.1,782.0,165200.0,12,2,1,0.24,62600.0,1,Salaried,Degree,Rent,1
CUST10238,65,59862.0,8.2,667.0,128600.0,24,0,1,0.38,49800.0,5,Salaried,Degree,Rent,0
CUST10239,49,136144.0,8.7,672.0,70000.0,12,1,0,0.49,409500.0,5,Contract,Diploma,Own,1
CUST10240,56,59016.0,5.1,636.0,154300.0,18,0,1,0.44,72800.0,5,Business,Degree,,1
CUST10241,40,55989.0,4.2,669.0,319700.0,12,2,0,0.18,355400.0,0,Salaried,Diploma,Rent,1
CUST10242,38,57040.0,10.4,667.0,188000.0,12,1,3,0.49,120400.0,1,Business,Secondary,Own,1
CUST10243,60,96706.0,6.7,723.0,89200.0,18,1,1,0.37,60700.0,1,Salaried,Degree,Rent,0
CUST10244,65,48494.0,9.8,640.0,249100.0,24,2,1,0.32,83400.0,3,Salaried,Diploma,Rent,0
CUST10245,61,97848.0,7.9,614.0,78900.0,12,0,0,0.51,34500.0,2,Salaried,Diploma,Rent,1
CUST10246,35,37989.0,12.5,665.0,220500.0,18,2,0,0.37,243800.0,0,Contract,Degree,Rent,1
CUST10247,35,41663.0,0.0,744.0,49700.0,24,1,1,0.18,20900.0,2,Salaried,Degree,Own,1
CUST10248,44,115843.0,8.9,666.0,313300.0,48,1,3,0.22,295700.0,5,Self-employed,Diploma,Own,1
CUST10249,49,75231.0,0.5,677.0,782200.0,12,0,0,0.36,364600.0,5,Salaried,Degree,Family,0
CUST10250,37,48287.0,4.4,603.0,122700.0,24,1,1,0.34,67500.0,4,Business,Postgraduate,Family,1
CUST10251,45,76333.0,10.8,690.0,134700.0,6,4,1,0.41,34700.0,5,Self-employed,Degree,Own,0
CUST10252,36,60171.0,13.6,665.0,63900.0,12,0,2,0.31,68400.0,4,Salaried,Diploma,Own,0
CUST10253,37,94827.0,9.4,596.0,193800.0,24,1,0,0.24,65600.0,3,Salaried,Diploma,Rent,1
CUST10254,41,130375.0,13.1,572.0,106100.0,24,0,3,0.46,92800.0,5,Business,Diploma,Rent,1
CUST10255,64,84371.0,5.3,701.0,400900.0,48,2,1,0.37,60600.0,2,Salaried,Degree,Own,1
CUST10256,47,39360.0,17.8,665.0,218100.0,12,1,0,0.12,54000.0,3,Self-employed,Diploma,Rent,0
CUST10257,25,85257.0,3.4,625.0,179300.0,24,0,1,0.48,95800.0,5,Salaried,Degree,Rent,0
CUST10258,42,48383.0,11.1,635.0,79200.0,6,0,2,0.46,36200.0,2,Salaried,Secondary,Rent,1
CUST10259,53,56555.0,4.2,711.0,208000.0,36,1,3,0.31,246600.0,3,Self-employed,Secondary,Own,1
CUST10260,60,72551.0,12.3,573.0,230100.0,12,1,0,0.31,66900.0,0,Business,Degree,Own,1
CUST10261,22,,9.6,619.0,218800.0,24,1,0,0.41,205600.0,1,Salaried,Degree,Rent,1
CUST10262,55,59400.0,1.4,685.0,215000.0,24,2,1,0.48,21600.0,1,Contract,Postgraduate,Own,1
CUST10263,63,43314.0,11.5,742.0,75200.0,24,1,0,0.21,114800.0,2,Salaried,Degree,Rent,0
CUST10264,39,85162.0,1.4,655.0,69900.0,12,1,0,0.52,54500.0,3,Business,Secondary,Rent,0
CUST10265,60,79065.0,8.5,658.0,166700.0,36,0,1,0.44,255700.0,3,Business,Secondary,Family,0
CUST10266,47,72573.0,2.4,639.0,155000.0,36,5,3,0.2,151900.0,4,Salaried,Degree,Rent,1
CUST10267,60,55733.0,7.1,637.0,185100.0,36,4,0,0.16,52900.0,0,Business,Degree,Rent,1
CUST10268,56,20282.0,0.0,619.0,162700.0,24,2,1,0.34,15200.0,4, salaried ,Diploma,Rent,1
CUST10269,59,25053.0,6.6,587.0,214800.0,18,1,0,0.42,124400.0,3,Business,Degree,Rent,1
CUST10270,22,50879.0,12.4,669.0,134500.0,36,2,0,0.21,55700.0,4,Self-employed,Diploma,Own,1
CUST10271,61,104914.0,4.3,646.0,451300.0,24,1,2,0.28,59600.0,1,Salaried,Diploma,Rent,1
CUST10272,38,39424.0,9.1,594.0,61100.0,12,0,0,0.33,83300.0,0,Salaried,Degree,Own,0
CUST10273,43,77548.0,2.3,748.0,276100.0,18,1,0,0.23,58800.0,0,Self-employed,Postgraduate,Rent,0
CUST10274,46,71721.0,9.1,726.0,191800.0,24,0,0,0.18,190400.0,1,Contract,Secondary,Rent,0
CUST10275,31,74016.0,10.8,694.0,206000.0,6,1,2,0.51,36700.0,2,Self-employed,Degree,Rent,1
CUST10276,21,79796.0,11.8,580.0,214200.0,12,2,0,0.43,48100.0,1,Salaried,Diploma,Family,1
CUST10277,56,104541.0,3.3,679.0,203500.0,18,2,2,0.56,77600.0,2,Business,Secondary,Own,1
CUST10278,40,38564.0,0.0,631.0,298000.0,12,2,0,0.51,168500.0,2,Salaried,Degree,Own,1
CUST10279,51,33338.0,9.2,647.0,98000.0,36,0,1,0.16,146800.0,5,Self-employed,Degree,Family,0
CUST10280,28,75545.0,1.7,739.0,215800.0,24,0,1,0.38,239500.0,2,Business,Degree,Own,1
CUST10281,60,79959.0,7.6,637.0,112400.0,36,2,1,0.51,31200.0,0,Salaried,Degree,Family,1
CUST10282,44,48560.0,11.2,633.0,157000.0,12,4,2,0.43,34300.0,5,Salaried,Diploma,Family,1
CUST10283,40,41881.0,,674.0,158000.0,6,1,0,0.26,35900.0,3,Salaried,Degree,Rent,0
CUST10284,35,101468.0,0.0,553.0,84400.0,48,3,2,0.26,123800.0,2,Salaried,Postgraduate,Own,1
CUST10285,50,32401.0,5.5,574.0,330200.0,18,1,0,0.39,120400.0,1,Salaried,Degree,Rent,1
CUST10286,40,62409.0,0.0,607.0,126500.0,24,1,1,0.47,61600.0,3,Business,Degree,Rent,1
CUST10287,58,67222.0,10.6,601.0,459600.0,18,0,2,0.2,61400.0,3,Self-employed,Degree,Family,1
CUST10288,22,137156.0,7.0,676.0,91200.0,24,0,2,0.29,31800.0,4,Salaried,Degree,Rent,0
CUST10289,26,57102.0,12.4,594.0,211300.0,24,1,1,0.39,51600.0,2,Contract,Degree,Rent,1
CUST10290,62,45401.0,6.0,646.0,132000.0,24,2,2,0.47,87200.0,0,Salaried,Diploma,Family,1
CUST10291,38,36191.0,7.8,600.0,279500.0,12,0,2,0.46,16400.0,2,Salaried,Diploma,Rent,1
CUST10292,56,49884.0,0.8,575.0,177000.0,24,3,2,0.31,81600.0,2,Self-employed,Degree,Rent,1
CUST10293,34,52044.0,15.3,615.0,239900.0,24,1,1,0.32,249500.0,4,Self-employed,Secondary,Family,1
CUST10294,46,,15.1,767.0,85200.0,18,2,0,0.36,58200.0,5,Business,Secondary,rent ,1
CUST10295,54,38651.0,14.9,704.0,256600.0,12,0,0,0.05,124500.0,1,Self-employed,Secondary,Own,1
CUST10296,50,67210.0,7.1,587.0,189300.0,36,1,0,0.41,66200.0,3,Self-employed,Degree,Family,1
CUST10297,27,82218.0,8.0,748.0,166600.0,12,2,1,0.38,114600.0,5,Self-employed,Degree,Rent,0
CUST10298,50,42922.0,1.4,638.0,107100.0,24,0,0,0.45,46800.0,1,Self-employed,Degree,Family,1
CUST10299,38,30073.0,11.2,731.0,199500.0,18,1,1,0.31,81400.0,2,Salaried,Postgraduate,Rent,0
CUST10300,42,130857.0,2.6,609.0,229100.0,18,0,1,0.45,182800.0,5,Salaried,Secondary,Rent,1
CUST10301,37,37899.0,5.5,565.0,372100.0,18,3,1,0.4,124100.0,1,Salaried,Degree,Own,1
CUST10302,51,,11.6,673.0,275600.0,36,0,3,0.31,58900.0,4,Salaried,Degree,Rent,1
CUST10303,37,74343.0,4.9,589.0,211500.0,6,1,0,0.15,73300.0,5,Salaried,Degree,Own,0
CUST10304,51,59571.0,4.7,657.0,181600.0,6,1,2,0.15,137500.0,0,Salaried,Diploma,Own,1
CUST10305,33,30213.0,17.6,669.0,231600.0,24,2,2,0.35,42600.0,1,Self-employed,Diploma,Own,1
CUST10306,47,49476.0,7.1,583.0,121400.0,6,0,1,0.38,54200.0,1,Business,Secondary,Own,1
CUST10307,40,64967.0,2.4,,100600.0,24,1,0,0.15,52500.0,0,Contract,Degree,Rent,1
CUST10308,37,81558.0,7.8,578.0,223000.0,24,3,2,0.39,84800.0,1,Contract,Secondary,Own,1
CUST10309,49,69543.0,11.4,663.0,123400.0,24,0,1,0.29,74100.0,0,Self-employed,Diploma,Family,0
CUST10310,59,130212.0,10.4,542.0,207600.0,6,2,2,0.4,63700.0,1,Business,Degree,Rent,1
CUST10311,55,71414.0,6.8,706.0,167500.0,18,0,0,0.17,135900.0,1,Salaried,Degree,Rent,0
CUST10312,28,69915.0,4.6,637.0,94900.0,18,0,0,0.42,50800.0,0,Business,Postgraduate,Rent,0
CUST10313,63,137091.0,3.4,668.0,114400.0,6,2,3,0.3,174500.0,2,Salaried,Degree,Rent,1
CUST10314,58,22595.0,6.5,651.0,64300.0,12,0,4,0.46,157100.0,1,Self-employed,Diploma,rent ,1
CUST10315,35,58250.0,9.2,670.0,253400.0,24,1,0,0.37,34800.0,2,Self-employed,,Rent,0
CUST10316,21,34935.0,4.7,631.0,120700.0,12,1,1,0.28,290000.0,1,Salaried,Postgraduate,Own,0
CUST10317,53,84839.0,0.0,578.0,393300.0,12,0,0,0.61,153400.0,3,Salaried,Diploma,Family,1
CUST10318,23,47706.0,9.1,611.0,106500.0,24,1,0,0.26,90900.0,5,Business,Diploma,Family,1
CUST10319,59,45010.0,12.8,760.0,315500.0,12,0,1,0.32,189200.0,3,Contract,Secondary,Own,0
CUST10320,58,54014.0,6.3,673.0,483000.0,18,1,0,0.6,43700.0,3,Business,Diploma,Rent,1
CUST10321,35,55566.0,4.8,695.0,282900.0,18,1,0,0.31,83700.0,1,Salaried,Secondary,Own,1
CUST10322,62,,3.3,627.0,208500.0,12,2,0,0.54,227400.0,5,Business,Degree,Rent,1
CUST10323,38,97821.0,6.4,563.0,263100.0,12,1,0,0.33,108700.0,4,Salaried,Degree,Rent,1
CUST10324,58,54439.0,0.3,650.0,133600.0,12,2,0,0.35,35500.0,1,Self-employed,Degree,Rent,0
CUST10325,51,40329.0,0.0,631.0,543700.0,18,2,0,0.34,187600.0,5,Salaried,Secondary,Own,1
CUST10326,40,37157.0,12.1,760.0,640500.0,12,0,1,0.46,46100.0,2,Self-employed,Diploma,Own,1
CUST10327,27,42190.0,0.0,614.0,90800.0,12,0,3,1.5,62700.0,1,Business,Postgraduate,Own,0
CUST10328,57,77517.0,0.3,658.0,148000.0,36,1,0,0.05,214000.0,3,Self-employed,Degree,Family,1
CUST10329,47,109642.0,8.2,661.0,94300.0,36,3,1,0.39,65300.0,4,Salaried,Diploma,Rent,1
CUST10330,28,,3.6,685.0,352800.0,36,3,2,0.36,161600.0,2,Contract,Diploma,Own,1
CUST10331,34,47169.0,7.5,636.0,105500.0,12,3,0,0.23,69100.0,1,Self-employed,Degree,Own,1
CUST10332,35,45506.0,13.3,627.0,118700.0,36,0,1,0.25,164200.0,3,Salaried,Secondary,Own,0
CUST10333,27,92630.0,6.7,575.0,170900.0,18,1,0,0.25,63800.0,3,Salaried,Secondary,Own,1
CUST10334,53,80558.0,1.1,549.0,174800.0,12,0,1,0.06,63000.0,3,Salaried,Diploma,Family,1
CUST10335,54,57405.0,8.8,761.0,124300.0,12,2,0,0.41,20200.0,3,Self-employed,Degree,Family,0
CUST10336,24,66626.0,5.9,725.0,328900.0,6,3,0,0.51,55300.0,5,Salaried,Diploma,Own,1
CUST10337,21,35724.0,8.4,619.0,96200.0,24,0,1,0.45,61500.0,5,Salaried,Secondary,Own,0
CUST10338,61,64441.0,7.2,636.0,59900.0,24,2,1,0.42,375100.0,4,Salaried,Degree,Own,1
CUST10339,34,28898.0,15.2,629.0,240900.0,36,2,0,0.3,53600.0,4,Business,Degree,Own,0
CUST10340,51,49469.0,7.5,755.0,293600.0,36,2,0,0.33,97200.0,2,Business,Diploma,Own,0
CUST10341,58,99143.0,0.0,687.0,221300.0,36,1,0,0.47,161800.0,0,Contract,Degree,Rent,0
CUST10342,40,46714.0,9.4,750.0,352000.0,12,2,1,0.44,37100.0,4,Salaried,Degree,Own,1
CUST10343,23,79498.0,9.9,622.0,93000.0,36,0,1,0.37,53200.0,3,Business,Postgraduate,Rent,1
CUST10344,55,91065.0,12.3,728.0,94900.0,12,0,0,0.26,289500.0,3,Salaried,Degree,Rent,0
CUST10345,53,50689.0,5.5,552.0,180100.0,24,1,0,0.36,116200.0,0,Salaried,Degree,Own,1
CUST10346,35,44722.0,7.6,554.0,150400.0,36,2,3,0.41,87800.0,2,Self-employed,Degree,Own,1
CUST10347,23,57994.0,6.7,617.0,133900.0,6,3,3,0.29,40500.0,2,Self-employed,Degree,rent ,1
CUST10348,48,82184.0,0.0,615.0,118000.0,48,1,1,0.25,99300.0,3,Self-employed,Degree,Rent,1
CUST10349,47,55987.0,4.8,658.0,110500.0,6,1,2,0.43,50100.0,5,Salaried,Secondary,Rent,1
CUST10350,53,61060.0,6.7,628.0,329600.0,24,0,2,0.48,86500.0,1,Salaried,Degree,Rent,1
CUST10351,39,144843.0,7.9,661.0,247200.0,12,0,2,0.28,28600.0,2,Self-employed,Degree,Rent,1
CUST10352,53,65255.0,6.7,573.0,132800.0,48,0,1,0.31,46900.0,3,Salaried,Degree,Rent,1
CUST10353,51,76081.0,11.9,616.0,99400.0,12,0,2,0.31,196100.0,1,Business,Degree,Rent,1
CUST10354,24,55926.0,0.0,709.0,91500.0,48,2,0,0.4,87600.0,2,Contract,Secondary,Rent,0
CUST10355,52,71648.0,12.1,601.0,160500.0,18,2,1,0.17,141000.0,5,Salaried,Secondary,Rent,1
CUST10356,62,70208.0,14.5,701.0,127400.0,12,1,0,0.29,67800.0,3,Salaried,Degree,Own,0
CUST10357,48,92757.0,9.9,676.0,136800.0,12,0,2,0.1,73500.0,1,Salaried,Degree,Rent,0
CUST10358,36,62491.0,0.0,679.0,93900.0,24,0,2,0.32,128800.0,5,Business,Postgraduate,Rent,1
CUST10359,63,46501.0,2.7,560.0,232000.0,6,2,2,0.39,53800.0,4,Self-employed,Degree,Rent,1
CUST10360,48,41733.0,14.5,632.0,179700.0,36,5,2,0.4,65500.0,0,Salaried,Diploma,Own,1
CUST10361,35,61536.0,2.1,637.0,148000.0,18,0,1,0.41,49400.0,3,Salaried,Diploma,,1
CUST10362,42,51886.0,2.2,588.0,177400.0,12,0,0,0.23,153100.0,5,Self-employed,Degree,Rent,0
CUST10363,51,67077.0,8.1,592.0,210900.0,18,1,4,0.48,54200.0,2,Business,Secondary,Rent,1
CUST10364,41,90045.0,10.3,601.0,106100.0,12,0,0,0.16,114200.0,3,Business,Secondary,Rent,0
CUST10365,52,66691.0,9.1,679.0,188800.0,36,0,0,0.37,108200.0,2,Self-employed,Secondary,Rent,1
CUST10366,27,47688.0,14.8,603.0,111000.0,48,1,3,0.32,55700.0,3,Salaried,Degree,,1
CUST10367,53,39296.0,0.0,611.0,163700.0,18,1,2,0.45,134100.0,1,Self-employed,Secondary,Rent,1
CUST10368,28,75022.0,11.1,732.0,129700.0,6,0,0,0.41,179500.0,5,Salaried,Diploma,Own,0
CUST10369,34,29498.0,7.0,779.0,131500.0,48,1,2,0.3,72300.0,5,Self-employed,Postgraduate,Own,1
CUST10370,45,40135.0,11.9,715.0,185000.0,36,1,1,0.19,115100.0,1,Self-employed,Diploma,Rent,1
CUST10371,52,72330.0,7.4,633.0,148900.0,24,2,1,0.15,32100.0,2,Salaried,Degree,Own,0
CUST10372,48,61799.0,14.0,718.0,148500.0,36,0,1,0.42,141900.0,3,Self-employed,Diploma,Rent,0
CUST10373,22,89095.0,,551.0,196100.0,24,1,2,0.41,210200.0,3,Self-employed,Degree,Rent,1
CUST10374,37,81530.0,0.8,670.0,119100.0,24,0,0,0.32,36100.0,1,Self-employed,Secondary,Rent,0
CUST10375,47,46151.0,9.7,701.0,188900.0,12,0,2,0.54,53700.0,3,Salaried,Diploma,Rent,0
CUST10376,22,85840.0,8.2,708.0,56400.0,36,1,0,0.54,201100.0,0,Salaried,Secondary,Rent,0
CUST10377,28,42782.0,11.7,616.0,167300.0,36,0,1,0.41,48000.0,5,Business,Postgraduate,Rent,1
CUST10378,58,42181.0,5.9,657.0,107000.0,24,0,0,0.36,41100.0,3,Salaried,Degree,Own,0
CUST10379,40,45029.0,7.6,773.0,301900.0,6,0,2,0.18,85400.0,4,Salaried,Diploma,Own,0
CUST10380,57,45237.0,0.0,612.0,78800.0,24,0,0,0.38,61700.0,0,Business,Secondary,Own,0
CUST10381,41,65626.0,13.1,762.0,149100.0,48,2,1,0.33,33000.0,3,Business,Degree,Rent,0
CUST10382,46,99126.0,10.3,671.0,163700.0,36,1,1,0.65,110800.0,2,Business,Degree,Own,1
CUST10383,51,55005.0,5.0,676.0,225200.0,36,3,0,0.43,88800.0,4,Salaried,Degree,Own,1
CUST10384,40,31119.0,8.4,606.0,92200.0,24,1,0,0.37,27000.0,1,Salaried,Degree,Rent,1
CUST10385,26,68865.0,15.5,634.0,88400.0,12,1,0,0.42,82300.0,2,Business,Postgraduate,Own,1
CUST10386,35,51035.0,10.7,588.0,170600.0,18,0,0,0.49,198200.0,5,Salaried,Degree,Rent,1
CUST10387,21,64974.0,11.1,556.0,222200.0,36,3,1,0.29,53200.0,0,Contract,Diploma,Rent,1
CUST10388,46,41686.0,0.0,622.0,206700.0,36,1,0,0.36,81100.0,5,Contract,Degree,Own,1
CUST10389,49,72645.0,5.4,618.0,214800.0,36,2,2,0.36,76300.0,0,Business,Postgraduate,Own,0
CUST10390,22,64658.0,8.6,613.0,217100.0,24,0,0,0.42,92400.0,2,Self-employed,Diploma,Rent,1
CUST10391,42,56072.0,0.0,610.0,448900.0,24,0,1,0.47,32900.0,0,Salaried,Degree,Own,0
CUST10392,49,35754.0,7.3,669.0,146800.0,12,2,2,0.34,179900.0,1,Salaried,Secondary,Rent,1
CUST10393,29,38780.0,5.5,709.0,144900.0,24,0,0,0.4,88200.0,5,Salaried,Degree,Rent,1
CUST10394,61,62984.0,9.3,621.0,65100.0,24,1,1,0.29,337200.0,3,Salaried,Postgraduate,Rent,0
CUST10395,41,81979.0,0.0,656.0,210400.0,18,1,2,0.31,67800.0,1,Salaried,Postgraduate,Own,0
CUST10396,52,,14.1,662.0,116800.0,12,1,1,0.05,245700.0,3,Business,Diploma,Family,1
CUST10397,52,37940.0,0.0,661.0,151300.0,6,1,0,0.26,720300.0,0,Salaried,Degree,Family,0
CUST10398,64,26966.0,7.1,715.0,172900.0,18,0,1,0.23,42600.0,0,Salaried,Degree,Rent,0
CUST10399,60,46551.0,3.8,686.0,104500.0,24,1,1,0.05,79400.0,2,Self-employed,Diploma,Rent,0
CUST10400,46,101284.0,11.2,652.0,248700.0,12,2,0,0.41,83600.0,3,Business,,Own,0
CUST10401,33,50108.0,5.4,602.0,84700.0,12,1,1,0.41,46300.0,4,Salaried,Degree,Family,1
CUST10402,23,64377.0,6.9,641.0,106400.0,24,1,0,0.35,97400.0,2,Self-employed,Secondary,Rent,1
CUST10403,52,56950.0,19.5,687.0,113400.0,36,0,1,0.19,31500.0,4,Self-employed,Diploma,Rent,0
CUST10404,53,95018.0,6.0,591.0,102100.0,24,0,0,0.16,46700.0,3,Business,Degree,Family,0
CUST10405,53,47276.0,4.7,727.0,90600.0,12,2,1,0.51,32500.0,2,Business,Degree,Own,1
CUST10406,62,84956.0,7.7,624.0,124700.0,48,1,0,0.34,105200.0,4,Business,Degree,Family,1
CUST10407,62,83553.0,9.4,589.0,126200.0,12,0,1,0.32,192600.0,4,Self-employed,Degree,Own,1
CUST10408,33,79148.0,8.2,656.0,436300.0,36,2,1,0.36,99800.0,3,Salaried,Degree,Own,1
CUST10409,63,70861.0,9.5,672.0,255300.0,24,1,1,0.56,141000.0,3,Salaried,Degree,Own,1
CUST10410,26,104297.0,15.8,658.0,168300.0,18,1,1,0.46,67800.0,2,Contract,Diploma,Family,0
CUST10411,24,38838.0,10.3,708.0,120000.0,18,1,1,0.28,108400.0,5,Salaried,Degree,Rent,0
CUST10412,58,107870.0,10.9,652.0,109100.0,24,0,0,0.53,83400.0,2,Salaried,Degree,Rent,0
CUST10413,26,,0.5,629.0,78700.0,12,1,0,0.41,44700.0,5,Self-employed,Secondary,Own,1
CUST10414,23,57416.0,8.9,651.0,124900.0,24,0,0,0.32,9000.0,2,Business,Degree,Rent,0
CUST10415,47,118357.0,6.9,568.0,123100.0,24,0,0,0.38,193100.0,2,Salaried,Degree,Rent,1
CUST10416,60,59987.0,5.9,656.0,203000.0,24,0,4,0.51,133000.0,1,Business,Diploma,Rent,1
CUST10417,40,36934.0,3.1,613.0,117800.0,12,1,1,0.46,68400.0,2,Salaried,Degree,Rent,1
CUST10418,38,64822.0,3.3,643.0,167900.0,6,1,1,0.21,49100.0,0,Contract,Degree,Own,0
CUST10419,40,76255.0,0.0,670.0,277700.0,12,0,1,0.51,86000.0,5,Self-employed,Diploma,Rent,0
CUST10420,50,83624.0,7.6,728.0,494100.0,24,2,2,0.33,265700.0,3,Business,Degree,Own,1
CUST10421,30,61033.0,0.0,583.0,61600.0,36,1,2,0.18,153900.0,5,Contract,Degree,Own,1
CUST10422,43,99280.0,7.2,739.0,153900.0,12,0,0,0.39,58200.0,5,Salaried,Degree,Own,0
CUST10423,23,43331.0,14.8,636.0,86600.0,24,5,1,0.52,24400.0,4,Salaried,Secondary,Own,1
CUST10424,29,54569.0,14.1,607.0,743900.0,18,0,0,0.48,149800.0,0,Salaried,Degree,Own,1
CUST10425,39,33510.0,8.6,713.0,82500.0,6,1,1,0.47,105600.0,3,Business,Degree,Family,1
CUST10426,56,35344.0,0.0,765.0,288300.0,12,3,0,0.41,127100.0,3,Business,Diploma,Rent,0
CUST10427,60,57221.0,9.4,609.0,234400.0,6,0,2,0.3,272300.0,4,Salaried,Secondary,Rent,1
CUST10428,47,88202.0,6.7,719.0,101600.0,24,2,1,0.41,25800.0,0,Salaried,Secondary,Rent,1
CUST10429,62,70179.0,2.9,658.0,105800.0,24,1,2,0.43,66200.0,5,Salaried,Degree,Family,1
CUST10430,48,97214.0,9.9,,202600.0,6,1,1,0.38,93000.0,4,Business,Degree,rent ,1
CUST10431,63,25624.0,6.7,611.0,250000.0,12,0,1,0.28,45100.0,0,Salaried,Degree,Rent,1
CUST10432,28,70853.0,12.2,654.0,300900.0,6,0,1,0.34,152800.0,2,Business,Degree,Family,1
CUST10433,62,26971.0,8.4,720.0,183600.0,12,1,2,0.48,31800.0,4,Self-employed,Degree,Rent,1
CUST10434,28,57995.0,8.5,666.0,208700.0,24,0,0,0.42,56400.0,3,Salaried,Degree,Rent,1
CUST10435,38,119869.0,7.7,708.0,236400.0,18,1,0,0.33,200200.0,2,Salaried,Secondary,Own,0
CUST10436,41,53549.0,8.1,620.0,93900.0,12,0,2,0.38,30000.0,0,Business,Diploma,Own,1
CUST10437,33,117236.0,5.3,670.0,291100.0,12,1,0,0.51,99900.0,3,Salaried,Secondary,Own,1
CUST10438,47,95580.0,,678.0,166500.0,12,1,0,0.28,105400.0,0,Salaried,Degree,Rent,0
CUST10439,60,80012.0,0.0,608.0,185100.0,24,2,1,0.11,81200.0,1,Salaried,Degree,Rent,1
CUST10440,36,40765.0,10.9,640.0,113800.0,36,0,1,0.52,144300.0,4,Salaried,Secondary,Rent,1
CUST10441,60,131510.0,13.6,542.0,85400.0,24,1,0,0.35,79100.0,4,Business,Degree,Rent,1
CUST10442,29,37150.0,0.0,729.0,96200.0,18,3,0,0.22,92700.0,2,Salaried,Secondary,Own,0
CUST10443,47,68208.0,4.0,596.0,125600.0,12,1,0,0.41,64300.0,5,Salaried,Degree,Rent,0
CUST10444,37,74473.0,8.1,630.0,91300.0,24,2,0,0.47,50200.0,2,Salaried,Secondary,Own,1
CUST10445,23,86298.0,11.1,613.0,374700.0,12,1,1,0.28,98500.0,2,Contract,Degree,Rent,1
CUST10446,24,95076.0,6.0,756.0,150400.0,12,1,0,0.4,32900.0,5,Business,Diploma,Own,0
CUST10447,60,60840.0,7.0,679.0,271800.0,24,1,2,0.61,171800.0,1,Salaried,Degree,Rent,1
CUST10448,21,47454.0,,641.0,95900.0,6,1,0,0.36,83800.0,1,Salaried,Degree,Own,0
CUST10449,34,48462.0,7.0,587.0,269200.0,24,2,1,0.05,34400.0,4,Salaried,Secondary,,1
CUST10450,28,111979.0,11.9,629.0,213300.0,12,0,0,0.69,130000.0,4,Self-employed,Degree,Own,1
CUST10451,27,50867.0,4.9,709.0,59600.0,24,0,1,0.43,214400.0,1,Salaried,Degree,Family,1
CUST10452,50,94122.0,9.2,629.0,184200.0,36,0,2,0.37,55200.0,1,Salaried,Secondary,Rent,1
CUST10453,45,30313.0,7.0,650.0,248100.0,18,1,1,0.39,90800.0,5,Self-employed,Secondary,Own,1
CUST10454,59,247283.0,6.1,606.0,153400.0,6,2,1,0.31,76200.0,1,Salaried,Diploma,Family,1
CUST10455,36,51393.0,1.1,567.0,365400.0,6,4,3,0.42,35100.0,1,Salaried,Degree,Own,1
CUST10456,31,39309.0,9.2,615.0,289300.0,36,0,0,0.15,69300.0,3,Salaried,Degree,Rent,1
CUST10457,45,174755.0,7.0,693.0,280000.0,24,2,2,0.38,34200.0,4,Business,Secondary,Rent,1
CUST10458,53,28165.0,5.7,720.0,107500.0,36,2,0,0.18,61100.0,4,Self-employed,Diploma,Rent,0
CUST10459,41,73602.0,1.8,640.0,113200.0,18,0,0,0.43,95300.0,5,Business,Degree,Rent,0
CUST10460,30,28924.0,0.7,631.0,151000.0,12,2,0,0.6,39300.0,3,Salaried,Secondary,Own,0
CUST10461,29,47322.0,6.4,672.0,298100.0,12,1,0,0.22,210400.0,4,Self-employed,Secondary,Rent,0
CUST10462,21,68840.0,2.7,638.0,264100.0,24,2,0,0.14,105800.0,5,Business,Degree,Rent,1
CUST10463,54,40205.0,3.6,654.0,277500.0,24,1,2,0.52,48600.0,5,Salaried,Degree,Rent,1
CUST10464,51,44240.0,6.3,564.0,424100.0,24,3,0,0.24,122700.0,3,Salaried,Diploma,Rent,1
CUST10465,41,61016.0,0.0,521.0,100500.0,24,2,4,0.27,572300.0,1,Salaried,Diploma,Own,1
CUST10466,44,60569.0,14.5,655.0,87900.0,12,1,1,0.27,52200.0,5,Self-employed,Postgraduate,Own,1
CUST10467,39,140727.0,12.9,569.0,173800.0,24,2,1,0.37,296100.0,1,Salaried,Diploma,Own,1
CUST10468,41,37059.0,0.8,635.0,201000.0,12,1,1,0.35,36700.0,5,Self-employed,Diploma,Rent,1
CUST10469,45,121190.0,3.2,630.0,349400.0,36,1,1,0.41,106000.0,2,Salaried,Degree,Rent,0
CUST10470,40,36606.0,6.5,681.0,118100.0,12,1,2,0.41,200700.0,5,Salaried,Diploma,Rent,0
CUST10471,46,35964.0,1.8,585.0,548700.0,12,1,1,0.24,47500.0,4,Business,,Family,1
CUST10472,27,75767.0,16.1,591.0,55800.0,12,2,2,0.33,156200.0,3,Business,Degree,Rent,1
CUST10473,23,46235.0,0.0,679.0,201500.0,36,2,0,0.48,19400.0,1,Salaried,Degree,Rent,0
CUST10474,60,23143.0,13.0,670.0,96100.0,12,1,1,0.41,151700.0,2,Self-employed,,Own,0
CUST10475,28,63433.0,10.5,615.0,155100.0,12,1,2,0.4,47100.0,5,Business,Diploma,Rent,1
CUST10476,50,153208.0,9.2,626.0,49000.0,12,2,0,0.3,104000.0,3,Business,Degree,Own,0
CUST10477,31,45479.0,6.0,636.0,179900.0,18,0,1,0.24,140900.0,3,Salaried,Degree,Family,0
CUST10478,28,57506.0,9.6,749.0,171500.0,12,2,4,0.37,118900.0,1,Business,Diploma,Rent,1
CUST10479,57,74147.0,4.3,641.0,66600.0,24,0,0,0.55,312100.0,1,Business,Secondary,Own,0
CUST10480,37,50627.0,1.9,604.0,260100.0,48,4,4,0.45,57400.0,3,Self-employed,Degree,Rent,1
CUST10481,28,34980.0,7.7,670.0,277400.0,48,1,2,0.4,392500.0,5,Salaried,Degree,Own,1
CUST10482,64,74421.0,9.6,606.0,153900.0,12,1,2,0.53,149600.0,4,Salaried,Diploma,Rent,1
CUST10483,50,47288.0,2.8,642.0,54400.0,24,1,0,0.44,236000.0,2,Salaried,Diploma,Own,1
CUST10484,63,36621.0,9.2,588.0,306300.0,12,2,0,0.38,50500.0,2,Salaried,Secondary,Own,1
CUST10485,63,86703.0,11.2,625.0,81000.0,48,0,0,0.1,43100.0,0,Salaried,Diploma,Rent,1
CUST10486,36,163213.0,5.2,629.0,142300.0,18,1,0,0.19,29100.0,3,Contract,Diploma,Rent,0
CUST10487,24,98205.0,2.4,648.0,93400.0,18,0,1,0.31,169800.0,3,Salaried,Degree,Family,0
CUST10488,41,62206.0,12.7,719.0,323200.0,48,1,1,0.22,115400.0,1,Salaried,Degree,Own,0
CUST10489,54,60974.0,3.7,576.0,271200.0,24,3,0,0.46,99800.0,1,Salaried,Secondary,Own,1
CUST10490,60,61020.0,11.0,681.0,120600.0,12,1,2,0.29,109600.0,2,Business,Diploma,Family,1
CUST10491,55,41326.0,10.7,658.0,314700.0,24,2,1,0.24,94600.0,3,Salaried,Degree,Own,0
CUST10492,33,121052.0,7.4,694.0,488600.0,24,1,0,0.24,62800.0,2,Self-employed,Degree,Own,1
CUST10493,63,63489.0,15.8,,214100.0,24,4,2,0.48,116100.0,1,Salaried,Diploma,Rent,1
CUST10494,47,48290.0,0.0,764.0,116300.0,24,2,1,0.22,40300.0,3,Salaried,Diploma,Family,0
CUST10495,28,48420.0,3.6,713.0,156600.0,36,0,4,0.49,46300.0,3,Contract,Diploma,Rent,1
CUST10496,61,83075.0,10.1,725.0,259900.0,36,0,1,0.29,32500.0,3,Salaried,Degree,Rent,0
CUST10497,62,44965.0,11.1,654.0,165300.0,24,0,2,0.3,37900.0,3,Business,Degree,Family,1
CUST10498,49,41131.0,6.5,669.0,217200.0,24,2,1,0.23,39300.0,3,Business,Degree,Own,1
CUST10499,36,72625.0,13.6,679.0,114700.0,36,1,0,0.32,223700.0,1,Salaried,,rent ,0
CUST10500,63,34684.0,12.0,606.0,356100.0,12,0,1,0.47,51900.0,0,Salaried,Secondary,Family,1
CUST10501,25,66555.0,7.5,595.0,195600.0,18,1,2,0.44,274000.0,4,Self-employed,Degree,Family,1
CUST10502,57,36228.0,9.4,610.0,214200.0,24,1,1,0.42,37500.0,5,Self-employed,Degree,Rent,0
CUST10503,60,138999.0,12.9,767.0,107000.0,18,2,1,0.44,42900.0,1,Salaried,Diploma,Own,0
CUST10504,60,115935.0,12.7,535.0,94900.0,24,1,0,0.62,23000.0,3,Salaried,Postgraduate,Own,1
CUST10505,62,82913.0,6.2,655.0,180600.0,24,1,1,0.52,184200.0,0,Salaried,Secondary,Own,1
CUST10506,30,46675.0,0.4,622.0,127400.0,24,3,0,0.44,125200.0,5,Self-employed,Degree,Rent,0
CUST10507,35,49859.0,2.9,685.0,153700.0,36,0,0,0.32,21900.0,3,Business,Diploma,Rent,0
CUST10508,41,83207.0,13.2,665.0,312300.0,24,1,1,0.53,99800.0,4,Salaried,Degree,Rent,1
CUST10509,54,101519.0,6.2,599.0,87100.0,24,3,0,0.16,42100.0,1, salaried ,Degree,Rent,1
CUST10510,42,45423.0,7.3,656.0,201600.0,12,2,0,0.31,97500.0,3,Salaried,Degree,Rent,0
CUST10511,42,38837.0,12.2,710.0,193100.0,18,1,1,0.22,70100.0,3,Business,Secondary,,0
CUST10512,29,52520.0,6.8,663.0,365200.0,36,1,0,0.46,113400.0,5,Salaried,Degree,Rent,0
CUST10513,46,64501.0,9.8,700.0,191800.0,6,2,0,0.46,226500.0,1,Salaried,Diploma,Own,0
CUST10514,33,42588.0,11.1,675.0,164900.0,12,2,1,0.35,111300.0,4,Salaried,Degree,Rent,1
CUST10515,38,46306.0,9.1,651.0,92700.0,18,3,1,0.32,66800.0,2,Salaried,Diploma,Family,1
CUST10516,21,39770.0,10.0,588.0,201700.0,36,0,0,0.38,284200.0,3,Salaried,Diploma,Own,1
CUST10517,43,48889.0,6.9,717.0,211600.0,12,1,0,0.39,85400.0,3,Business,Degree,Rent,0
CUST10518,53,67330.0,5.1,660.0,329900.0,12,0,1,0.26,53500.0,5,Business,,Own,1
CUST10519,51,114368.0,7.2,716.0,179400.0,24,0,0,0.41,32300.0,1,Business,Diploma,Rent,0
CUST10520,41,66367.0,5.5,597.0,206500.0,18,2,1,0.26,71500.0,1,Business,Secondary,Rent,1
CUST10521,43,43365.0,5.3,559.0,62900.0,18,1,2,0.38,18800.0,2,Salaried,Postgraduate,Rent,1
CUST10522,36,35048.0,0.0,695.0,148600.0,18,1,2,0.18,31200.0,0,Self-employed,,Rent,1
CUST10523,47,47604.0,9.7,716.0,124200.0,12,2,0,0.48,103200.0,0,Salaried,Secondary,Family,0
CUST10524,57,34278.0,4.5,667.0,113200.0,24,0,1,0.33,93600.0,3,Business,Degree,Rent,1
CUST10525,58,90232.0,,632.0,185800.0,18,0,1,0.6,71700.0,3,Business,Secondary,Rent,1
CUST10526,34,93823.0,2.0,649.0,188000.0,24,1,2,0.46,86300.0,0,Salaried,,Own,1
CUST10527,57,57435.0,6.8,625.0,271400.0,48,2,0,0.36,85400.0,2,Salaried,Secondary,Own,0
CUST10528,27,32858.0,4.8,573.0,79500.0,24,2,2,0.55,122800.0,2,Contract,Degree,Rent,1
CUST10529,32,98809.0,6.6,679.0,322900.0,24,1,1,0.37,121300.0,0,Contract,Diploma,Own,1
CUST10530,48,88995.0,5.4,663.0,187700.0,6,1,0,0.35,16300.0,3,Salaried,Postgraduate,Rent,0
CUST10531,23,35603.0,10.9,578.0,116200.0,24,4,0,0.14,72600.0,4,Self-employed,Degree,Own,1
CUST10532,42,75716.0,8.0,610.0,174000.0,18,1,0,0.39,70100.0,5,Self-employed,Diploma,Own,1
CUST10533,41,50046.0,11.0,665.0,84300.0,12,1,1,0.27,38900.0,4,Business,Secondary,Rent,0
CUST10534,-2,82266.0,21.3,624.0,290100.0,36,1,1,0.36,220200.0,3,Business,Degree,Rent,1
CUST10535,40,90719.0,6.3,700.0,227100.0,24,2,0,0.34,195400.0,0,Salaried,Degree,Rent,0
CUST10536,23,,4.6,727.0,309600.0,36,2,1,0.22,21000.0,0,Salaried,Diploma,Family,1
CUST10537,47,,0.0,638.0,300900.0,36,3,2,0.55,446200.0,1,Self-employed,Diploma,Own,1
CUST10538,41,90922.0,2.1,724.0,176800.0,24,0,0,0.34,37500.0,5,Contract,Secondary,Own,0
CUST10539,61,38584.0,5.8,631.0,262400.0,48,0,0,0.54,171900.0,1,Salaried,Secondary,Rent,0
CUST10540,53,82129.0,11.5,607.0,156700.0,12,0,0,0.35,98500.0,1,Business,Degree,Family,0
CUST10541,50,39756.0,10.2,664.0,181800.0,24,1,1,0.39,248200.0,2,Salaried,Diploma,Rent,0
CUST10542,59,50766.0,3.7,694.0,243100.0,24,0,1,0.3,41000.0,5,Self-employed,Degree,Family,0
CUST10543,61,45984.0,4.3,635.0,176400.0,18,1,0,0.44,38900.0,4,Salaried,Secondary,Rent,1
CUST10544,29,70869.0,12.4,680.0,331900.0,36,1,1,0.38,74000.0,2,Salaried,Diploma,Own,1
CUST10545,58,45451.0,9.8,651.0,112100.0,12,2,0,0.44,154700.0,1,Contract,Degree,Own,0
CUST10546,43,134097.0,11.4,623.0,149700.0,12,2,0,0.38,73500.0,0,Salaried,Postgraduate,Rent,0
CUST10547,43,85456.0,5.6,623.0,237300.0,12,2,0,0.19,23500.0,0,Salaried,Postgraduate,Own,1
CUST10548,21,114632.0,2.8,769.0,451200.0,24,4,1,0.36,57200.0,3, salaried ,Diploma,Family,1
CUST10549,41,50725.0,5.2,727.0,257700.0,18,2,0,0.33,247700.0,1,Salaried,Diploma,Own,0
CUST10550,52,85891.0,12.1,675.0,183900.0,12,2,1,0.59,78800.0,3,Business,Diploma,Rent,1
CUST10551,65,50384.0,6.2,709.0,144100.0,24,1,1,0.42,162700.0,2,Salaried,Degree,Rent,0
CUST10552,46,150371.0,12.4,655.0,197900.0,36,1,0,0.41,70500.0,1,Business,Degree,Rent,0
CUST10553,53,63178.0,0.0,597.0,142500.0,48,1,3,0.36,65100.0,4,Self-employed,Degree,Rent,1
CUST10554,29,37405.0,12.9,645.0,152100.0,12,2,1,0.25,136900.0,1,Salaried,Degree,Rent,0
CUST10555,37,48883.0,9.5,-10.0,138800.0,18,3,0,0.5,59000.0,2,Business,Diploma,rent ,1
CUST10556,26,164810.0,18.8,574.0,328700.0,12,2,1,0.44,53700.0,1,Salaried,Degree,Own,1
CUST10557,27,92411.0,3.1,692.0,332400.0,24,1,1,0.29,174700.0,1,Salaried,Degree,Own,0
CUST10558,27,74072.0,4.6,,192800.0,24,2,2,0.3,107700.0,5,Contract,Degree,Family,1
CUST10559,57,55218.0,13.0,606.0,113500.0,18,0,2,0.46,96700.0,5,Business,Degree,Own,1
CUST10560,25,82219.0,2.1,643.0,113900.0,24,1,0,0.27,129900.0,5,Salaried,Diploma,Own,0
CUST10561,53,26068.0,3.7,,407000.0,24,2,1,0.37,259800.0,2,Salaried,Secondary,,0
CUST10562,30,30520.0,,640.0,221400.0,18,0,0,0.23,58700.0,5,Salaried,Secondary,Family,0
CUST10563,37,47377.0,11.6,676.0,61300.0,36,1,2,0.48,151700.0,5,Salaried,,Own,1
CUST10564,60,54765.0,6.9,631.0,168800.0,36,0,2,0.22,55200.0,4,Self-employed,Degree,Rent,1
CUST10565,48,88407.0,16.1,696.0,320700.0,12,0,1,0.55,332700.0,3,Self-employed,Degree,Own,0
CUST10566,42,39654.0,4.1,600.0,66100.0,18,1,1,0.15,91500.0,5,Salaried,Diploma,Rent,0
CUST10567,41,74488.0,4.4,696.0,328400.0,36,1,1,0.16,144400.0,0,Business,Degree,Family,1
CUST10568,52,40821.0,3.6,662.0,90100.0,12,1,0,0.53,103000.0,5,Business,Degree,Rent,0
CUST10569,52,52414.0,0.0,649.0,91500.0,6,1,1,0.46,68000.0,1,Business,Postgraduate,Own,0
CUST10570,56,129959.0,3.4,602.0,384400.0,24,1,0,0.67,319900.0,4,Salaried,Diploma,Own,1
CUST10571,51,70337.0,12.3,705.0,171600.0,24,0,0,0.42,40000.0,5,Contract,Diploma,Own,0
CUST10572,26,45489.0,9.3,666.0,265700.0,24,1,1,0.61,64200.0,4,Business,Diploma,Own,1
CUST10573,41,54096.0,13.3,703.0,220300.0,36,0,0,0.15,542600.0,1,Salaried,Diploma,Own,0
CUST10574,55,82644.0,3.6,647.0,199300.0,24,2,2,0.37,49300.0,3,Salaried,Diploma,Rent,1
CUST10575,34,86075.0,3.5,639.0,354000.0,24,0,0,0.45,24800.0,2,Salaried,Degree,Rent,1
CUST10576,43,88262.0,0.0,634.0,281100.0,36,0,1,0.36,150300.0,0,Contract,Diploma,Rent,1
CUST10577,62,91838.0,7.9,759.0,132300.0,6,0,1,0.24,92000.0,5,Salaried,Secondary,Own,0
CUST10578,44,75305.0,2.2,645.0,323200.0,24,0,1,0.34,154800.0,0,Salaried,Degree,Rent,1
CUST10579,50,28805.0,4.3,666.0,129400.0,12,3,0,0.49,69300.0,2,Salaried,Diploma,Rent,1
CUST10580,30,79448.0,7.8,596.0,110200.0,18,0,1,0.07,48600.0,3,Business,Degree,Rent,1
CUST10581,25,83305.0,14.9,544.0,405900.0,24,1,1,0.42,27200.0,5,Self-employed,Degree,Own,1
CUST10582,62,40961.0,8.8,605.0,153700.0,24,1,3,0.48,63700.0,0,Salaried,Degree,Own,1
CUST10583,50,31263.0,0.0,679.0,83300.0,6,1,1,0.6,120400.0,3,Salaried,Secondary,Rent,1
CUST10584,27,24193.0,8.7,744.0,115800.0,36,2,0,0.37,65700.0,4,Business,Secondary,Own,1
CUST10585,26,48758.0,0.3,638.0,308300.0,24,0,1,0.45,85600.0,4,Business,Degree,Rent,1
CUST10586,28,78869.0,14.6,607.0,135200.0,12,2,0,0.41,51500.0,5,Salaried,Degree,Family,1
CUST10587,46,107187.0,10.5,644.0,129700.0,24,2,0,0.36,26600.0,4,Contract,Secondary,Rent,0
CUST10588,38,63088.0,7.9,628.0,503200.0,24,0,1,0.36,297800.0,3,Business,Diploma,,1
CUST10589,56,67577.0,9.2,661.0,100400.0,24,1,1,0.28,50500.0,4,Salaried,Degree,Own,1
CUST10590,46,38062.0,10.3,687.0,102300.0,18,3,1,0.3,187700.0,5,Salaried,Diploma,Rent,1
CUST10591,56,74626.0,5.1,595.0,208500.0,36,1,1,0.49,24800.0,4,Business,Diploma,Own,0
CUST10592,61,79239.0,10.6,707.0,77200.0,36,2,1,0.4,27300.0,2,Salaried,Degree,Rent,0
CUST10593,24,38385.0,2.8,661.0,177800.0,6,0,1,0.29,62100.0,3,Salaried,,Rent,1
CUST10594,33,80094.0,12.0,654.0,140600.0,6,2,2,0.44,61200.0,0,Business,Diploma,Own,1
CUST10595,44,117220.0,0.0,686.0,212800.0,36,1,1,0.31,98000.0,5,Self-employed,Degree,Rent,0
CUST10596,51,68945.0,,674.0,158000.0,36,0,1,0.68,31900.0,0,Self-employed,Diploma,Rent,0
CUST10597,42,128439.0,7.5,649.0,236200.0,18,2,0,0.53,81600.0,0,Salaried,Postgraduate,Rent,1
CUST10598,60,44562.0,4.1,585.0,90900.0,24,1,0,0.53,147400.0,5,Business,Secondary,Rent,1
CUST10599,38,25356.0,24.4,671.0,173300.0,12,1,0,0.3,277800.0,2,Salaried,Diploma,Rent,0
CUST10600,54,74110.0,11.5,577.0,156800.0,12,0,1,0.3,83800.0,5,Salaried,Degree,Rent,1
CUST10601,43,93877.0,6.5,619.0,331400.0,24,0,0,0.36,82200.0,5,Salaried,Secondary,Rent,0
CUST10602,59,52441.0,5.3,659.0,265000.0,24,1,1,0.38,49900.0,1,Salaried,Degree,Rent,1
CUST10603,57,73778.0,15.0,577.0,133200.0,36,1,0,0.34,47800.0,3,Self-employed,Diploma,Rent,1
CUST10604,21,52158.0,4.4,714.0,99000.0,12,1,1,0.19,171600.0,1,Salaried,Postgraduate,Rent,0
CUST10605,62,169289.0,3.4,617.0,98900.0,18,2,1,0.44,61400.0,4,Salaried,Degree,Own,1
CUST10606,40,119574.0,14.2,640.0,295300.0,36,1,0,0.5,67500.0,5,Self-employed,Secondary,Rent,1
CUST10607,45,77654.0,15.0,633.0,231200.0,36,0,1,0.61,127500.0,2,Business,Diploma,Own,1
CUST10608,26,99727.0,3.4,600.0,247800.0,18,1,0,0.33,294300.0,4,Business,Degree,Rent,0
CUST10609,50,41583.0,16.2,692.0,291900.0,24,0,1,0.17,251800.0,3,Business,Postgraduate,Own,1
CUST10610,40,71672.0,0.1,698.0,89600.0,12,0,0,0.16,120800.0,3,Business,Diploma,Rent,0
CUST10611,29,19684.0,12.3,617.0,91400.0,18,0,0,0.36,62500.0,5,Contract,Secondary,Rent,1
CUST10612,38,35927.0,13.2,602.0,159700.0,24,2,1,0.35,198400.0,4,Business,Secondary,Rent,1
CUST10613,60,47307.0,9.3,656.0,251100.0,12,0,1,0.47,33500.0,2,Salaried,Degree,Family,1
CUST10614,23,15948.0,5.2,637.0,169800.0,12,1,0,0.38,48100.0,0,Salaried,Degree,Family,1
CUST10615,56,,16.6,644.0,153100.0,18,1,0,0.4,57800.0,4,Business,Secondary,Own,1
CUST10616,26,28637.0,2.8,691.0,123700.0,24,1,1,0.34,138700.0,3,Contract,Degree,Rent,1
CUST10617,64,53756.0,6.7,,163300.0,12,1,1,0.58,198100.0,4,Contract,Degree,Own,1
CUST10618,58,79588.0,9.3,608.0,118700.0,36,2,1,0.25,17000.0,1,Salaried,Degree,Own,1
CUST10619,21,87227.0,4.6,685.0,64600.0,24,2,0,0.34,54900.0,0,Salaried,Diploma,Rent,1
CUST10620,39,28280.0,13.2,714.0,176300.0,12,0,0,0.43,115000.0,1,Contract,Postgraduate,rent ,0
CUST10621,58,73266.0,2.6,651.0,87100.0,24,2,0,0.46,53500.0,0,Contract,Degree,Rent,1
CUST10622,48,103628.0,11.5,585.0,252800.0,12,1,0,0.16,21500.0,4,Salaried,Diploma,Rent,1
CUST10623,29,36671.0,8.3,723.0,142600.0,12,0,0,0.36,25400.0,5,Salaried,Degree,Own,1
CUST10624,30,31954.0,6.9,625.0,98700.0,12,3,2,0.12,93500.0,5,Self-employed,Diploma,Family,1
CUST10625,44,163716.0,2.7,588.0,80700.0,24,1,3,0.41,48100.0,3,Salaried,Degree,Family,1
CUST10626,46,80003.0,5.0,675.0,148200.0,18,0,3,0.12,74000.0,4,Salaried,Diploma,Rent,1
CUST10627,28,99652.0,12.0,617.0,179100.0,18,2,1,0.47,68500.0,3,Salaried,Degree,Family,1
CUST10628,25,37767.0,14.8,694.0,334300.0,36,0,1,0.35,45700.0,0,Contract,Degree,Own,1
CUST10629,33,46979.0,9.4,562.0,93600.0,12,2,1,0.4,45200.0,5,Salaried,Diploma,Own,1
CUST10630,42,41434.0,7.1,587.0,287200.0,12,1,1,0.3,35400.0,5,Salaried,Degree,Rent,1
CUST10631,54,34702.0,4.2,551.0,81400.0,12,2,0,0.34,35400.0,0,Salaried,Postgraduate,Rent,0
CUST10632,45,98123.0,0.0,563.0,188400.0,6,2,2,0.35,153000.0,4,Salaried,Diploma,Own,1
CUST10633,43,30481.0,16.2,667.0,289300.0,12,2,0,0.21,65000.0,1,Self-employed,Secondary,Rent,1
CUST10634,61,46336.0,5.4,669.0,62600.0,24,0,2,0.17,57200.0,4,Contract,Degree,Rent,0
CUST10635,41,97882.0,10.7,670.0,100800.0,24,1,0,0.29,60700.0,1,Self-employed,Degree,Own,0
CUST10636,23,62783.0,3.1,706.0,110400.0,48,3,2,0.54,46900.0,3,Self-employed,Degree,Own,1
CUST10637,28,65100.0,6.4,608.0,514100.0,36,1,0,0.22,100000.0,5,Salaried,Diploma,Rent,1
CUST10638,59,29236.0,9.7,616.0,177800.0,12,0,2,0.25,123200.0,3,Salaried,Diploma,Rent,1
CUST10639,59,72807.0,5.7,660.0,231400.0,36,2,0,0.42,10400.0,1,Business,,Rent,0
CUST10640,42,29485.0,11.7,596.0,229500.0,12,0,1,0.47,54600.0,3,Business,Degree,Rent,1
CUST10641,65,47457.0,15.2,619.0,208300.0,18,1,1,0.32,65100.0,0,Business,Secondary,Rent,1
CUST10642,31,79415.0,8.4,642.0,171100.0,24,1,3,0.12,85200.0,4,Salaried,Degree,Own,0
CUST10643,43,103770.0,9.3,633.0,112500.0,36,2,0,0.25,93200.0,4,Contract,Diploma,Rent,1
CUST10644,36,49860.0,8.5,749.0,111500.0,24,0,0,0.54,202800.0,3,Self-employed,Degree,Rent,0
CUST10645,48,48632.0,18.7,645.0,72000.0,36,1,0,0.41,334900.0,2,Salaried,Degree,Own,0
CUST10646,55,83962.0,2.2,613.0,193000.0,48,0,0,0.5,230000.0,4,Salaried,Diploma,Own,1
CUST10647,62,59587.0,8.1,595.0,268600.0,36,1,3,0.42,56900.0,0,Business,Degree,Rent,1
CUST10648,49,95965.0,21.0,755.0,203000.0,12,0,0,0.24,71300.0,2,Contract,Degree,Rent,0
CUST10649,58,37862.0,1.6,600.0,212000.0,12,0,3,0.41,125200.0,2,Salaried,Postgraduate,Rent,1
CUST10650,26,123017.0,11.4,626.0,138100.0,12,2,0,0.33,43800.0,4,Business,Postgraduate,Own,1
CUST10651,34,78391.0,7.2,634.0,68200.0,36,1,1,0.33,336200.0,3,Business,Diploma,Family,1
CUST10652,49,75600.0,3.3,646.0,60600.0,24,4,0,0.49,50800.0,3,Self-employed,Secondary,Rent,0
CUST10653,48,68326.0,11.9,706.0,271800.0,18,2,1,0.43,56500.0,0,Contract,Degree,Own,1
CUST10654,30,85983.0,0.0,541.0,212400.0,12,1,2,0.26,595500.0,2,Salaried,Degree,Rent,1
CUST10655,24,78982.0,0.0,599.0,185700.0,18,0,2,0.2,168600.0,0,Contract,Diploma,Own,1
CUST10656,44,29532.0,13.6,626.0,391900.0,24,1,0,0.28,62000.0,0,Salaried,Diploma,Rent,1
CUST10657,22,85060.0,12.4,544.0,145200.0,6,3,1,0.41,58700.0,4,Salaried,Degree,Rent,1
CUST10658,49,32853.0,1.0,599.0,198000.0,12,0,0,0.27,252500.0,2,Salaried,Diploma,Own,0
CUST10659,45,58913.0,12.8,652.0,312100.0,36,0,1,0.47,187100.0,2,Business,Postgraduate,Rent,1
CUST10660,51,92298.0,5.3,667.0,120800.0,12,3,1,0.42,76700.0,3,SELF-EMPLOYED,Diploma,Family,0
CUST10661,35,100005.0,8.7,681.0,274500.0,36,3,0,0.33,114800.0,3,Contract,Secondary,Rent,1
CUST10662,58,38078.0,8.1,647.0,276400.0,12,2,0,0.29,635900.0,1,Salaried,Diploma,Rent,0
CUST10663,53,55318.0,14.7,616.0,223700.0,48,3,0,0.52,36100.0,0, salaried ,Degree,Rent,1
CUST10664,28,64288.0,11.0,715.0,257400.0,12,2,1,0.46,91400.0,0,Self-employed,Secondary,Family,1
CUST10665,60,32726.0,8.8,726.0,204200.0,6,2,2,0.56,150400.0,2,Salaried,Degree,Own,1
CUST10666,36,50279.0,9.4,490.0,69200.0,36,1,0,0.16,47100.0,0,Self-employed,Secondary,Own,0
CUST10667,58,46425.0,5.9,629.0,84500.0,12,1,4,0.33,112600.0,1,Business,Degree,Family,1
CUST10668,64,117510.0,9.2,633.0,96200.0,12,0,1,0.33,80700.0,4,Contract,Secondary,Rent,1
CUST10669,61,23703.0,15.9,628.0,103700.0,36,6,3,0.37,107300.0,1,Self-employed,Postgraduate,Own,1
CUST10670,54,71513.0,7.4,594.0,71100.0,24,2,1,0.17,23300.0,0,Business,Degree,Own,1
CUST10671,26,41938.0,8.9,590.0,69300.0,6,0,1,0.4,222800.0,0,Salaried,Diploma,Rent,1
CUST10672,59,50644.0,7.0,533.0,118100.0,12,1,2,0.05,257500.0,1,Salaried,Diploma,Rent,1
CUST10673,60,93239.0,5.7,674.0,297400.0,24,3,0,0.42,133900.0,2,Salaried,Diploma,Rent,0
CUST10674,43,61583.0,0.0,737.0,222600.0,36,3,0,0.21,64900.0,4, salaried ,Degree,Rent,0
CUST10675,41,47522.0,3.9,673.0,425500.0,24,1,2,0.33,20500.0,2,Salaried,,Own,0
CUST10676,55,72136.0,11.0,695.0,226200.0,48,2,1,0.31,222800.0,5,Business,Postgraduate,Rent,1
CUST10677,49,37903.0,15.3,665.0,225200.0,18,1,0,0.13,91300.0,2,Salaried,Postgraduate,Rent,0
CUST10678,55,42226.0,2.9,721.0,95500.0,36,0,0,0.36,27300.0,5,Self-employed,Secondary,Rent,1
CUST10679,22,55346.0,10.0,678.0,116800.0,12,0,1,0.23,44200.0,0,Salaried,Degree,Own,1
CUST10680,53,70159.0,6.7,652.0,101300.0,24,0,0,0.28,122100.0,0,Salaried,Degree,Own,0
CUST10681,46,55553.0,4.7,690.0,194000.0,6,1,1,0.41,22600.0,0,Business,Degree,Family,1
CUST10682,64,34026.0,10.9,512.0,77500.0,24,0,0,0.36,26400.0,2,Contract,Secondary,Family,1
CUST10683,52,36697.0,9.1,643.0,128100.0,24,1,1,0.45,28300.0,1,Self-employed,Degree,Own,1
CUST10684,38,70477.0,7.0,755.0,272100.0,12,3,0,0.35,84100.0,2,Self-employed,Diploma,Rent,0
CUST10685,54,38146.0,4.6,748.0,85100.0,6,1,0,0.18,112600.0,0,Salaried,Secondary,Rent,0
CUST10686,50,73515.0,9.2,602.0,76600.0,36,1,1,0.1,150300.0,4,Contract,Degree,Rent,0
CUST10687,64,87808.0,12.2,653.0,93400.0,24,3,0,0.28,183900.0,1,Salaried,Degree,Rent,0
CUST10688,43,35578.0,7.4,665.0,189200.0,24,1,2,0.33,206900.0,3,Salaried,,Own,1
CUST10689,40,33028.0,19.3,515.0,144700.0,18,3,0,0.45,176400.0,0,Salaried,Degree,Rent,1
CUST10690,43,46542.0,10.1,,229600.0,18,2,0,0.24,137400.0,1,Business,Secondary,Rent,1
CUST10691,60,89465.0,,741.0,282600.0,12,0,1,0.53,138100.0,5,Self-employed,Degree,Family,0
CUST10692,28,94073.0,3.6,675.0,193000.0,24,1,0,0.52,182000.0,2,Salaried,Degree,Own,0
CUST10693,34,57918.0,9.8,592.0,137600.0,36,0,1,0.58,98100.0,1,Salaried,Diploma,Own,1
CUST10694,43,62523.0,5.8,587.0,143500.0,48,0,1,0.23,36700.0,3,Contract,Degree,Family,1
CUST10695,34,84607.0,10.8,673.0,71300.0,36,1,0,0.22,28100.0,0,Self-employed,Secondary,Family,1
CUST10696,22,41006.0,5.3,613.0,91900.0,48,0,0,0.48,74100.0,1, salaried ,Diploma,Rent,1
CUST10697,24,42951.0,9.3,709.0,160600.0,24,0,2,0.4,26700.0,0,Business,Degree,Rent,1
CUST10698,44,91171.0,0.0,628.0,95900.0,12,2,1,0.43,19500.0,5,Salaried,Degree,Rent,1
CUST10699,56,42820.0,2.4,594.0,110500.0,36,1,1,0.51,26700.0,0,Contract,Secondary,Own,1
CUST10700,29,,7.4,647.0,227300.0,36,1,0,0.32,28900.0,1,Salaried,Postgraduate,Own,0
CUST10701,36,54876.0,13.0,630.0,134400.0,24,2,2,0.27,66600.0,2,Salaried,Degree,Family,1
CUST10702,52,51972.0,8.7,639.0,151800.0,24,1,0,0.56,65400.0,3,Contract,Degree,Rent,1
CUST10703,52,43943.0,9.6,634.0,223400.0,24,0,0,0.33,52500.0,0,Salaried,Diploma,Rent,0
CUST10704,47,88111.0,8.4,624.0,155800.0,24,1,2,0.41,46600.0,3,Contract,Secondary,Rent,1
CUST10705,35,36194.0,1.2,587.0,167500.0,24,2,3,0.39,13900.0,4,Salaried,Degree,Family,1
CUST10706,24,60553.0,3.7,610.0,93500.0,24,0,1,0.39,70500.0,4,Self-employed,Secondary,Family,1
CUST10707,56,130117.0,16.0,700.0,317800.0,36,1,1,0.19,180900.0,4,Self-employed,Diploma,Own,0
CUST10708,45,113806.0,7.9,722.0,106300.0,12,0,0,0.2,58200.0,3,Salaried,Degree,Own,0
CUST10709,35,91591.0,2.2,691.0,163300.0,24,2,1,0.42,101500.0,0,Self-employed,Diploma,Rent,0
CUST10710,32,113750.0,8.0,543.0,198400.0,12,3,0,0.2,189000.0,2,Contract,Secondary,Own,1
CUST10711,27,92660.0,19.8,583.0,216700.0,24,1,0,0.54,73300.0,1,Business,Secondary,Rent,1
CUST10712,56,58841.0,6.8,749.0,186700.0,36,2,2,0.35,65500.0,1,Salaried,Diploma,Rent,0
CUST10713,44,93563.0,13.4,684.0,134500.0,24,3,2,0.11,41500.0,0,Self-employed,Secondary,Family,0
CUST10714,26,23851.0,2.2,692.0,65800.0,24,1,1,0.55,126700.0,1,Salaried,Degree,Own,0
CUST10715,61,63815.0,12.8,738.0,141500.0,12,0,2,0.19,35400.0,5,Self-employed,Diploma,Rent,1
CUST10716,65,78103.0,8.4,682.0,213200.0,36,2,0,0.31,24000.0,3,Contract,Secondary,Own,0
CUST10717,51,71719.0,13.6,652.0,170600.0,18,0,0,0.29,29300.0,3,Business,Degree,Own,0
CUST10718,41,82502.0,11.4,639.0,197200.0,48,0,0,0.47,137400.0,1,Salaried,Degree,Own,0
CUST10719,31,57450.0,8.6,696.0,112900.0,48,0,1,0.3,57800.0,4,Salaried,Secondary,Rent,1
CUST10720,36,100953.0,11.2,633.0,181800.0,12,2,2,0.26,156900.0,3,Self-employed,Postgraduate,Family,1
CUST10721,34,45891.0,10.1,621.0,79800.0,24,1,0,0.46,79700.0,4,Salaried,Degree,Rent,0
CUST10722,45,81935.0,10.0,689.0,116200.0,12,0,0,0.33,76500.0,4,Self-employed,Degree,Rent,0
CUST10723,34,108186.0,0.0,628.0,354600.0,36,2,0,0.4,39600.0,0,Contract,Secondary,,1
CUST10724,58,77314.0,13.0,668.0,153700.0,12,1,0,0.47,107000.0,1,Salaried,Diploma,Own,1
CUST10725,38,47136.0,4.0,688.0,254100.0,12,2,1,0.37,51300.0,2,Business,Postgraduate,Rent,1
CUST10726,34,133943.0,5.1,708.0,267700.0,36,2,2,0.43,142400.0,1,Self-employed,Diploma,Rent,1
CUST10727,44,38950.0,8.1,655.0,245200.0,12,1,0,0.26,137400.0,5,Salaried,Secondary,Family,0
CUST10728,28,88188.0,12.5,722.0,94800.0,24,2,1,0.5,73300.0,5,Self-employed,Degree,Rent,0
CUST10729,65,38754.0,8.0,691.0,74800.0,12,1,1,0.46,51100.0,1,Salaried,Diploma,Rent,0
CUST10730,45,78250.0,13.1,699.0,33800.0,24,2,1,0.16,80000.0,1,Salaried,Postgraduate,Own,0
CUST10731,54,50076.0,4.6,651.0,97400.0,24,2,0,0.3,99900.0,0,Salaried,Degree,Rent,1
CUST10732,65,71120.0,9.5,612.0,189200.0,18,2,1,0.45,125800.0,3,Self-employed,Diploma,Rent,1
CUST10733,64,46238.0,5.7,699.0,175000.0,24,2,1,0.3,70500.0,5,Self-employed,Degree,Rent,1
CUST10734,48,95548.0,10.0,657.0,220100.0,12,1,0,0.35,157800.0,1,Self-employed,Secondary,Rent,1
CUST10735,44,143306.0,16.1,701.0,266900.0,36,0,1,0.58,113300.0,2,Self-employed,Secondary,Rent,0
CUST10736,38,110205.0,2.6,656.0,63200.0,24,2,0,0.21,106300.0,2,Salaried,Degree,Rent,0
CUST10737,54,63908.0,10.1,628.0,242600.0,12,1,1,0.31,150000.0,2,Business,Postgraduate,Rent,1
CUST10738,62,87006.0,10.5,566.0,196000.0,12,1,1,0.28,130500.0,5,Contract,Diploma,Rent,1
CUST10739,23,54323.0,7.2,532.0,429500.0,18,2,1,0.25,19700.0,0,Salaried,Diploma,Own,1
CUST10740,32,95742.0,13.8,671.0,171600.0,24,0,1,0.36,228100.0,5,Self-employed,Degree,Own,0
CUST10741,56,36681.0,1.7,,101300.0,24,0,0,0.53,31200.0,5,Salaried,Postgraduate,Own,1
CUST10742,25,76603.0,3.7,625.0,73600.0,36,2,0,0.41,162500.0,1,Contract,Secondary,Rent,1
CUST10743,39,71331.0,7.4,666.0,178700.0,18,1,0,0.37,50800.0,2,Contract,Degree,Own,0
CUST10744,32,65377.0,9.7,635.0,117800.0,18,0,1,0.22,129400.0,1,Contract,Diploma,Own,1
CUST10745,47,140531.0,7.0,627.0,124200.0,24,1,1,0.34,31600.0,3,Self-employed,Degree,Rent,1
CUST10746,37,39391.0,9.5,740.0,175200.0,18,3,1,0.34,60700.0,3,Salaried,Secondary,Own,0
CUST10747,63,52030.0,14.0,621.0,105500.0,24,2,1,0.54,556900.0,5,Self-employed,Secondary,Family,1
CUST10748,48,60785.0,0.0,,144300.0,24,1,1,0.22,124700.0,0,Salaried,Degree,Rent,1
CUST10749,60,41285.0,4.4,673.0,60400.0,12,0,1,0.57,45200.0,0,Self-employed,Diploma,Own,1
CUST10750,42,55540.0,6.5,576.0,242600.0,18,0,0,0.16,114700.0,3,Salaried,Secondary,Family,1
CUST10751,30,70966.0,14.3,667.0,128600.0,6,0,0,0.28,52800.0,0,Salaried,Degree,Own,1
CUST10752,61,22711.0,4.4,611.0,329400.0,36,1,0,0.4,227100.0,2,Salaried,Diploma,Own,0
CUST10753,26,80894.0,3.2,688.0,121800.0,36,1,0,0.38,38500.0,1,Business,Diploma,Rent,0
CUST10754,37,47677.0,0.2,633.0,134500.0,36,0,1,0.43,118500.0,4,Salaried,Degree,Rent,1
CUST10755,32,39198.0,6.0,599.0,101400.0,18,1,2,0.33,44200.0,5,Business,Degree,Rent,1
CUST10756,26,44668.0,10.5,763.0,291700.0,12,0,2,0.49,55800.0,1,Salaried,Secondary,Rent,1
CUST10757,63,76647.0,0.0,566.0,171200.0,18,1,2,0.31,107000.0,0,Salaried,Degree,Rent,1
CUST10758,42,42112.0,1.7,663.0,110300.0,12,2,1,0.2,71400.0,3,Self-employed,Diploma,Rent,0
CUST10759,36,138264.0,3.6,710.0,140000.0,36,1,0,0.24,50400.0,3,Salaried,Degree,Rent,0
CUST10760,24,73182.0,5.9,633.0,129500.0,24,0,3,0.28,53900.0,2,Business,Degree,Rent,1
CUST10761,45,42738.0,5.8,707.0,342700.0,24,0,0,0.38,110100.0,3,Salaried,Diploma,Rent,0
CUST10762,53,29461.0,0.0,726.0,147000.0,24,0,1,0.42,47100.0,4,Salaried,Degree,Own,0
CUST10763,21,52304.0,9.9,737.0,68100.0,12,0,1,0.37,227200.0,3,Business,Secondary,Own,0
CUST10764,35,82643.0,4.5,625.0,113100.0,36,1,1,0.36,126400.0,3,Salaried,Diploma,Rent,1
CUST10765,37,59871.0,,756.0,126600.0,12,0,0,0.32,343700.0,5,Contract,Degree,Family,1
CUST10766,63,50142.0,6.8,652.0,88900.0,18,1,0,0.39,67000.0,2,Salaried,Degree,rent ,0
CUST10767,39,55138.0,7.9,766.0,151600.0,18,1,0,0.13,107000.0,4,Self-employed,Degree,Own,0
CUST10768,39,58412.0,2.6,569.0,132300.0,36,0,0,0.36,147000.0,1,Self-employed,Degree,Own,1
CUST10769,40,43475.0,16.1,678.0,121100.0,12,2,0,0.27,26900.0,0,Business,Degree,Family,1
CUST10770,21,166164.0,6.1,612.0,135400.0,24,1,0,0.47,124600.0,2,Business,Diploma,Rent,0
CUST10771,43,88074.0,4.6,763.0,326000.0,36,3,1,0.53,87800.0,0,Salaried,Degree,Own,0
CUST10772,36,43229.0,15.1,689.0,100000.0,36,1,1,0.4,95100.0,3,Salaried,Postgraduate,Own,1
CUST10773,44,24437.0,0.0,682.0,241500.0,18,2,1,0.34,203200.0,3,Business,Degree,Rent,0
CUST10774,40,75519.0,3.1,633.0,176400.0,18,1,0,0.3,50400.0,0,Contract,Secondary,Rent,1
CUST10775,35,93824.0,2.8,590.0,152400.0,6,1,1,0.48,89000.0,0,Salaried,Degree,Own,1
CUST10776,44,66599.0,5.4,650.0,217100.0,12,0,1,0.26,86900.0,3,Salaried,Secondary,Rent,1
CUST10777,57,57884.0,18.4,659.0,196600.0,24,1,1,0.33,110900.0,3,Business,Degree,Rent,1
CUST10778,61,59017.0,1.2,701.0,153300.0,18,1,0,0.47,130200.0,4,Salaried,Secondary,Rent,0
CUST10779,53,59063.0,5.2,593.0,219700.0,6,1,1,0.38,76200.0,1,Self-employed,Diploma,Own,1
CUST10780,52,53690.0,0.0,727.0,195600.0,6,1,0,0.45,110800.0,2,Salaried,Degree,Rent,1
CUST10781,51,59671.0,17.5,669.0,226500.0,6,0,1,0.47,37900.0,0,Business,Diploma,Own,0
CUST10782,35,57075.0,5.2,705.0,281500.0,12,2,2,0.52,222200.0,3,Business,Degree,Rent,0
CUST10783,21,86829.0,10.1,563.0,72000.0,24,1,1,0.44,198900.0,4,Business,Postgraduate,Own,1
CUST10784,32,102514.0,7.6,711.0,72000.0,18,1,1,0.41,18400.0,2,Contract,Degree,Rent,0
CUST10785,55,79587.0,18.9,649.0,252100.0,24,0,3,0.36,31600.0,1,Salaried,Secondary,Own,0
CUST10786,57,119963.0,9.9,727.0,207000.0,24,1,0,0.44,28600.0,4,Contract,Secondary,Family,0
CUST10787,50,94763.0,0.0,527.0,530200.0,12,3,2,0.47,145000.0,5,Business,Degree,Rent,1
CUST10788,46,121137.0,9.1,651.0,392400.0,36,1,1,0.27,554900.0,5,Business,Degree,Own,1
CUST10789,31,81323.0,8.5,686.0,212700.0,6,0,0,0.38,252000.0,5,Salaried,Secondary,Rent,0
CUST10790,52,65243.0,0.0,644.0,203200.0,36,0,0,0.45,26900.0,4,Self-employed,Diploma,Rent,0
CUST10791,22,126022.0,7.4,653.0,223300.0,24,0,0,0.05,51500.0,5,Self-employed,Degree,Rent,0
CUST10792,30,42364.0,6.1,617.0,117600.0,12,2,2,0.26,111100.0,3,Business,Postgraduate,Rent,1
CUST10793,42,124704.0,11.9,682.0,373700.0,12,1,0,0.27,156100.0,4,Salaried,Degree,Own,0
CUST10794,29,57986.0,7.2,624.0,204100.0,6,0,1,0.52,20400.0,5,Business,Degree,Own,0
CUST10795,50,110197.0,14.2,638.0,367400.0,18,2,0,0.17,102600.0,5,Self-employed,Degree,Rent,1
CUST10796,45,73981.0,11.6,798.0,39900.0,24,1,1,0.23,22100.0,0,Contract,Degree,Own,0
CUST10797,41,45550.0,12.9,560.0,83500.0,24,2,3,0.27,52700.0,1,Salaried,Postgraduate,Rent,1
CUST10798,38,50310.0,0.0,707.0,102000.0,18,1,2,0.53,62100.0,4,Salaried,Diploma,Own,1
CUST10799,40,151711.0,13.8,671.0,65800.0,12,0,0,0.35,138300.0,4,Business,Diploma,Rent,1
CUST10800,60,51025.0,0.0,721.0,284900.0,18,0,1,0.44,179600.0,0,Salaried,Degree,Rent,1
CUST10801,36,126506.0,3.3,666.0,101400.0,24,1,0,0.53,60300.0,1,Self-employed,Degree,Rent,0
CUST10802,59,115793.0,6.8,711.0,146500.0,36,0,2,0.22,163400.0,5,Salaried,Degree,Own,0
CUST10803,55,59482.0,,678.0,197100.0,18,0,0,0.31,271600.0,5,Salaried,Diploma,Own,0
CUST10804,49,,,615.0,130700.0,12,1,1,0.46,57800.0,3,Salaried,Secondary,Own,1
CUST10805,50,80371.0,0.0,670.0,124900.0,36,1,0,0.37,235000.0,4,Business,Diploma,Rent,1
CUST10806,23,39707.0,11.6,676.0,379000.0,18,0,1,0.41,41100.0,2,Business,Postgraduate,Rent,1
CUST10807,52,153570.0,12.6,758.0,193200.0,36,0,0,0.25,41900.0,0,Business,Degree,Rent,0
CUST10808,34,103455.0,9.2,616.0,239300.0,18,4,0,0.41,169700.0,0,Salaried,Diploma,Rent,1
CUST10809,46,28645.0,4.8,609.0,143700.0,12,3,1,0.5,109700.0,0,Self-employed,Degree,Rent,1
CUST10810,25,86398.0,0.0,703.0,196500.0,24,0,0,0.39,40500.0,3,Business,Degree,Family,0
CUST10811,48,55733.0,13.1,660.0,229200.0,36,1,0,0.43,185700.0,3,Salaried,Secondary,Own,0
CUST10812,28,42128.0,10.1,674.0,79200.0,24,1,2,0.43,128300.0,0,Salaried,Degree,Rent,1
CUST10813,65,78613.0,1.9,676.0,68600.0,36,2,1,0.22,203500.0,4,Salaried,Diploma,Rent,0
CUST10814,53,27395.0,9.1,655.0,172700.0,12,1,1,0.29,183800.0,0,Business,Secondary,Own,0
CUST10815,56,43786.0,0.0,632.0,175600.0,36,1,0,0.47,56000.0,2,Business,Secondary,Own,1
CUST10816,33,43758.0,12.9,730.0,149500.0,12,2,1,0.37,726700.0,0,Self-employed,Degree,Rent,0
CUST10817,40,38859.0,13.7,536.0,130700.0,24,1,1,0.23,18200.0,4,Business,Degree,Family,1
CUST10818,38,47553.0,13.6,684.0,145200.0,36,1,0,0.37,228200.0,5,Self-employed,Postgraduate,Own,1
CUST10819,40,102757.0,6.3,692.0,260800.0,18,1,2,0.09,128800.0,3,Salaried,Degree,Rent,0
CUST10820,63,50990.0,7.0,536.0,189300.0,12,0,0,0.13,82800.0,0,Business,Degree,Own,1
CUST10821,53,96405.0,8.7,638.0,227500.0,24,1,1,0.5,370000.0,5,Salaried,Secondary,Own,1
CUST10822,41,29528.0,14.1,706.0,96100.0,12,0,1,0.05,22800.0,1,Business,Degree,Own,0
CUST10823,44,38789.0,6.2,632.0,227000.0,48,1,0,0.23,168100.0,1,Salaried,Degree,Family,0
CUST10824,48,82813.0,16.0,611.0,130600.0,18,2,0,0.38,69300.0,2,Contract,Diploma,Own,1
CUST10825,25,49876.0,0.0,684.0,198600.0,12,2,1,0.43,34100.0,2,Salaried,Degree,Rent,0
CUST10826,90,34546.0,6.9,525.0,76200.0,36,3,1,0.42,12600.0,1,Self-employed,Secondary,Rent,1
CUST10827,63,45866.0,1.2,556.0,78500.0,6,1,0,0.17,91500.0,3,Business,Diploma,Rent,1
CUST10828,44,72385.0,11.4,565.0,241200.0,36,0,0,0.35,10200.0,0,Self-employed,Degree,Own,1
CUST10829,59,34306.0,2.3,679.0,156800.0,12,1,1,0.33,111400.0,1,Business,Postgraduate,Own,1
CUST10830,34,34878.0,12.5,730.0,380800.0,18,0,1,0.65,124300.0,3,Salaried,Diploma,Own,1
CUST10831,56,19054.0,11.3,577.0,223700.0,12,1,0,0.24,142700.0,4,Business,Diploma,Own,1
CUST10832,56,85934.0,2.6,632.0,101700.0,6,2,1,0.42,234400.0,1,Self-employed,Degree,Rent,1
CUST10833,46,96043.0,10.7,682.0,236400.0,48,1,2,0.29,242100.0,0,Business,Secondary,Own,0
CUST10834,33,38378.0,9.8,593.0,169600.0,12,0,0,0.25,81900.0,5,Self-employed,Degree,Family,1
CUST10835,60,76582.0,7.8,769.0,239000.0,6,0,3,0.37,136200.0,1,Self-employed,Degree,Family,1
CUST10836,41,74653.0,12.9,639.0,153400.0,36,1,0,0.26,194300.0,5,Salaried,Diploma,Own,0
CUST10837,46,83778.0,10.2,662.0,124200.0,24,1,0,0.41,54000.0,0,Business,Degree,Own,0
CUST10838,54,96325.0,0.0,687.0,201300.0,18,1,0,0.43,15600.0,5,Salaried,Degree,Own,1
CUST10839,60,79207.0,11.8,660.0,354000.0,6,3,0,0.32,395600.0,0,Salaried,Degree,Own,1
CUST10840,34,41525.0,3.7,623.0,207300.0,6,1,2,0.5,92800.0,3,Business,Degree,Rent,1
CUST10841,41,92005.0,5.3,666.0,146100.0,12,1,1,0.48,88000.0,3,Self-employed,Degree,Rent,1
CUST10842,63,38868.0,3.2,557.0,243900.0,24,0,5,0.39,99700.0,2,Contract,Secondary,Rent,1
CUST10843,39,55629.0,6.7,577.0,150800.0,12,0,0,0.24,228800.0,3,Salaried,Diploma,Rent,0
CUST10844,32,40415.0,4.3,677.0,180200.0,12,4,1,0.39,60700.0,2,Contract,Diploma,Own,1
CUST10845,56,49291.0,12.9,665.0,103100.0,48,1,1,0.2,52400.0,5,Self-employed,Postgraduate,Own,0
CUST10846,50,57337.0,4.1,632.0,434700.0,36,0,0,0.39,49500.0,0,Salaried,Degree,Family,0
CUST10847,64,69996.0,1.0,700.0,176700.0,12,0,1,0.24,76000.0,1,Salaried,Degree,Own,0
CUST10848,53,83902.0,13.5,736.0,190100.0,24,2,4,0.25,117000.0,4,Salaried,Diploma,Family,1
CUST10849,64,81274.0,12.1,679.0,344700.0,12,1,0,0.57,120200.0,0,Salaried,Degree,Own,0
CUST10850,43,99874.0,2.9,613.0,126200.0,6,1,0,0.45,44900.0,5,Salaried,Postgraduate,Rent,1
CUST10851,61,62565.0,2.8,706.0,121700.0,12,3,0,0.43,130100.0,4,Self-employed,Diploma,Rent,0
CUST10852,33,22805.0,1.5,750.0,172500.0,12,0,1,0.42,62600.0,5,Salaried,Secondary,Rent,0
CUST10853,48,99487.0,3.4,582.0,209800.0,36,0,0,0.33,62100.0,1,Salaried,Degree,Rent,0
CUST10854,48,32303.0,13.2,641.0,261700.0,6,2,1,0.26,57600.0,1,Business,Degree,Rent,0
CUST10855,39,111451.0,14.3,675.0,49900.0,6,0,1,0.39,59100.0,4,Self-employed,Degree,Own,1
CUST10856,57,75068.0,3.7,626.0,87600.0,24,1,0,0.06,84000.0,4,Salaried,Secondary,Rent,1
CUST10857,51,147320.0,9.1,659.0,132600.0,36,2,1,0.55,20000.0,5,Self-employed,Degree,Family,1
CUST10858,62,70723.0,3.1,644.0,85500.0,6,0,0,0.52,125700.0,4,Self-employed,Degree,Family,0
CUST10859,59,52768.0,11.5,674.0,58300.0,24,4,1,0.4,182400.0,5,Contract,Secondary,Family,1
CUST10860,37,53300.0,4.7,600.0,100700.0,18,0,1,0.35,44300.0,1,Business,Diploma,Own,1
CUST10861,48,104274.0,8.9,747.0,39100.0,18,1,0,0.22,248200.0,5,Self-employed,Secondary,Family,0
CUST10862,24,64072.0,4.2,580.0,206200.0,18,1,0,0.49,94900.0,5,Salaried,Secondary,Own,1
CUST10863,26,40267.0,11.3,643.0,146900.0,24,2,0,0.24,195100.0,2,Contract,Degree,Rent,0
CUST10864,39,88963.0,,628.0,185800.0,12,3,1,0.28,47400.0,3,Business,Degree,Own,0
CUST10865,43,29431.0,9.9,639.0,103800.0,12,1,3,0.39,159100.0,1,Business,Diploma,Family,0
CUST10866,60,56133.0,0.6,641.0,152400.0,18,0,0,0.57,91900.0,3,Business,Degree,Rent,0
CUST10867,65,139712.0,9.9,649.0,239800.0,12,3,1,0.26,74400.0,3,Salaried,Degree,Own,1
CUST10868,62,134055.0,7.8,,184600.0,36,1,1,0.37,187100.0,1,Salaried,Degree,Own,1
CUST10869,26,66298.0,12.1,618.0,345800.0,48,1,0,0.43,58600.0,1,Salaried,Postgraduate,Rent,1
CUST10870,44,43862.0,3.2,636.0,255900.0,48,1,1,0.63,74000.0,4,Self-employed,Degree,Rent,1
CUST10871,42,49428.0,0.0,620.0,39300.0,24,0,1,0.26,93000.0,0,Salaried,Degree,Rent,0
CUST10872,41,78883.0,4.6,607.0,234300.0,36,0,4,0.64,61200.0,4,Salaried,Secondary,Own,1
CUST10873,34,82844.0,7.8,690.0,266500.0,48,0,1,0.26,38100.0,5,Salaried,Degree,Rent,1
CUST10874,44,58477.0,0.0,649.0,207700.0,24,1,1,0.23,127500.0,2,Self-employed,Diploma,Rent,1
CUST10875,45,31309.0,13.0,583.0,136400.0,36,0,0,0.39,156800.0,2,Self-employed,Degree,Rent,1
CUST10876,37,113827.0,1.3,575.0,197800.0,12,0,1,0.33,69500.0,2,Salaried,Secondary,Rent,1
CUST10877,55,50215.0,7.4,643.0,135300.0,36,2,1,0.34,15500.0,2,Salaried,Secondary,Rent,1
CUST10878,37,74724.0,5.3,751.0,184000.0,12,1,0,0.47,419600.0,1,Self-employed,Diploma,Own,0
CUST10879,48,210916.0,5.3,608.0,213100.0,6,0,0,0.47,69900.0,5,Salaried,Diploma,Own,1
CUST10880,22,47937.0,0.0,623.0,175200.0,48,0,0,0.48,47000.0,0,Self-employed,Postgraduate,Rent,0
CUST10881,54,52921.0,7.3,640.0,68000.0,48,4,1,0.38,49100.0,0,Salaried,Secondary,Own,1
CUST10882,21,61355.0,0.0,726.0,272700.0,12,1,1,0.28,97000.0,5,Salaried,Degree,Family,0
CUST10883,23,68175.0,1.1,696.0,146600.0,18,2,1,0.43,42300.0,4,Business,Secondary,,1
CUST10884,42,20886.0,9.2,681.0,273500.0,24,0,0,0.31,290700.0,1,Salaried,Diploma,Family,0
CUST10885,62,107845.0,9.4,590.0,170400.0,36,0,1,0.21,219900.0,3,Self-employed,Diploma,Rent,1
CUST10886,24,55566.0,1.0,624.0,297000.0,18,3,0,0.41,147000.0,2,Salaried,Degree,Family,1
CUST10887,35,68564.0,5.1,664.0,128000.0,36,0,5,0.36,605600.0,3,Salaried,Postgraduate,Rent,1
CUST10888,56,64275.0,15.6,585.0,119800.0,12,2,2,0.39,143400.0,2,Contract,Diploma,Own,1
CUST10889,59,46793.0,0.0,567.0,160000.0,6,3,0,0.34,67400.0,3,Business,Diploma,Family,1
CUST10890,32,49136.0,1.2,634.0,227500.0,18,3,1,0.42,305800.0,4,Self-employed,Diploma,Rent,1
CUST10891,57,78210.0,0.0,559.0,131500.0,24,1,3,0.43,260600.0,3,Salaried,Diploma,Rent,1
CUST10892,61,36282.0,13.5,656.0,156400.0,36,0,0,0.49,2380000.0,4,Self-employed,Diploma,Rent,0
CUST10893,27,85810.0,2.7,714.0,184500.0,36,0,1,0.3,24500.0,1,Business,Degree,Rent,0
CUST10894,51,34970.0,2.8,673.0,237700.0,18,1,2,0.43,17200.0,5,Contract,Degree,Rent,1
CUST10895,25,46867.0,9.8,737.0,101100.0,36,1,0,0.38,244900.0,3,Self-employed,Diploma,Rent,0
CUST10896,47,66855.0,0.0,622.0,270800.0,12,1,2,0.43,76400.0,2,Business,Secondary,Own,1
CUST10897,45,40650.0,16.0,585.0,111200.0,12,3,0,0.18,176200.0,1,Business,Postgraduate,Rent,1
CUST10898,37,99153.0,11.5,668.0,184800.0,24,1,0,0.29,153100.0,5,Business,Secondary,Own,0
CUST10899,48,43355.0,7.3,663.0,226300.0,6,4,3,0.12,29700.0,2,Salaried,Degree,Own,1
CUST10900,47,41208.0,5.1,570.0,126800.0,36,1,3,0.52,28000.0,2,Self-employed,Secondary,Own,1
CUST10901,46,66495.0,10.9,640.0,89500.0,24,3,3,0.3,69600.0,3,Business,Diploma,Rent,1
CUST10902,49,88401.0,7.8,714.0,126000.0,12,1,0,0.38,101600.0,0,Salaried,Postgraduate,Rent,0
CUST10903,47,35270.0,7.5,724.0,221200.0,24,0,0,0.44,148800.0,3,Salaried,,Rent,0
CUST10904,37,79483.0,10.2,686.0,87500.0,24,1,0,0.37,58900.0,4,Business,Degree,,0
CUST10905,58,99750.0,5.5,681.0,101800.0,24,3,2,0.15,51300.0,2,Salaried,Secondary,Rent,1
CUST10906,36,47707.0,3.5,713.0,176400.0,6,2,1,0.48,98600.0,1,Salaried,Secondary,Rent,1
CUST10907,29,96618.0,13.9,677.0,132200.0,18,3,0,0.32,14300.0,0,Salaried,Degree,Own,1
CUST10908,52,47031.0,4.2,723.0,101600.0,36,0,2,0.5,250600.0,1,Self-employed,Secondary,Family,0
CUST10909,21,80140.0,,638.0,129200.0,6,0,1,0.05,132700.0,4,Salaried,Diploma,Own,1
CUST10910,29,41292.0,7.8,682.0,380100.0,24,3,0,0.3,76500.0,3,Salaried,Degree,Rent,0
CUST10911,27,68089.0,20.3,675.0,200900.0,18,3,0,0.41,84100.0,5,Salaried,Diploma,Family,1
CUST10912,64,62935.0,8.2,706.0,148900.0,24,2,0,0.39,92900.0,3,Salaried,Diploma,Rent,0
CUST10913,57,71490.0,7.9,742.0,263400.0,12,0,0,0.17,84000.0,5,Self-employed,Degree,Own,0
CUST10914,60,95171.0,9.6,681.0,119500.0,36,0,0,0.6,37900.0,5,Salaried,Secondary,Rent,1
CUST10915,65,33653.0,13.9,619.0,173600.0,12,0,1,0.19,136400.0,3,Salaried,Degree,Rent,1
CUST10916,26,117383.0,12.3,626.0,51400.0,36,2,0,0.4,90500.0,2,Salaried,Secondary,Rent,1
CUST10917,57,57443.0,11.1,688.0,169500.0,12,1,0,0.35,44900.0,5,SELF-EMPLOYED,Diploma,Rent,0
CUST10918,59,45226.0,3.4,666.0,194000.0,48,2,0,0.19,43200.0,2,Self-employed,Diploma,Family,0
CUST10919,24,50845.0,9.7,565.0,87100.0,18,2,0,0.41,103500.0,1,Salaried,Postgraduate,Rent,1
CUST10920,57,82199.0,3.4,666.0,102200.0,24,2,1,0.31,65800.0,3,Salaried,Degree,Own,1
CUST10921,30,108190.0,0.0,675.0,532400.0,36,0,0,0.37,187300.0,0,Business,Degree,Own,1
CUST10922,30,63241.0,4.1,665.0,151000.0,6,1,0,0.22,173600.0,2,Business,Diploma,Rent,1
CUST10923,55,106277.0,5.6,694.0,95600.0,12,1,2,0.27,62000.0,4,Salaried,Diploma,Own,1
CUST10924,28,33845.0,9.9,684.0,177700.0,18,1,1,0.29,76100.0,4,Business,Secondary,Own,0
CUST10925,43,70781.0,10.7,652.0,388000.0,18,0,2,0.32,35300.0,3,Business,Secondary,Own,1
CUST10926,27,92628.0,10.9,691.0,105400.0,36,0,1,0.37,77000.0,3,Salaried,Secondary,Own,1
CUST10927,22,60467.0,0.0,577.0,79200.0,12,1,0,0.28,72200.0,5,Salaried,Degree,Own,1
CUST10928,58,55670.0,1.7,586.0,310300.0,36,0,0,0.18,37300.0,4,Salaried,Diploma,Own,1
CUST10929,40,74276.0,7.0,684.0,89000.0,24,2,1,0.36,23200.0,4,Salaried,Diploma,Rent,0
CUST10930,51,47611.0,6.3,590.0,173800.0,36,0,1,0.26,298600.0,2,Salaried,Secondary,Rent,1
CUST10931,50,31710.0,2.3,744.0,145900.0,36,2,1,0.19,124200.0,4,Business,Secondary,Rent,0
CUST10932,45,23932.0,8.5,687.0,142100.0,24,1,0,0.35,94400.0,5,Salaried,Diploma,Own,0
CUST10933,30,37774.0,12.5,663.0,262300.0,12,3,1,0.22,22100.0,3,Salaried,Degree,Rent,0
CUST10934,37,42899.0,2.0,722.0,105200.0,24,1,2,0.42,76600.0,2,Self-employed,Secondary,Family,1
CUST10935,29,52187.0,7.2,667.0,52400.0,36,0,0,0.29,59500.0,0,Salaried,Diploma,Own,1
CUST10936,63,35892.0,11.5,766.0,221500.0,12,2,0,0.34,101900.0,4,Business,Diploma,Family,0
CUST10937,52,91032.0,6.2,692.0,287500.0,36,1,0,0.28,53400.0,0,Salaried,Diploma,Rent,0
CUST10938,44,62391.0,9.2,618.0,122100.0,24,1,1,0.42,141700.0,3,Salaried,Secondary,Own,1
CUST10939,36,28405.0,16.3,610.0,84000.0,36,1,0,0.32,73000.0,5,Salaried,Secondary,Own,0
CUST10940,32,39765.0,17.7,597.0,160300.0,12,0,0,0.18,36300.0,2,Business,Degree,Rent,1
CUST10941,55,,8.3,714.0,112700.0,24,1,2,0.37,31600.0,5,Salaried,Secondary,Rent,1
CUST10942,63,90696.0,10.8,631.0,95000.0,24,6,1,0.35,177000.0,5,Self-employed,Diploma,Rent,1
CUST10943,37,70123.0,7.0,725.0,95100.0,24,0,0,0.63,101300.0,3,Contract,Degree,Family,0
CUST10944,49,44910.0,3.2,687.0,69400.0,12,1,1,0.25,87900.0,3,Salaried,Diploma,Family,0
CUST10945,56,59893.0,14.4,665.0,134300.0,36,0,1,0.27,35100.0,0,Salaried,Degree,Rent,0
CUST10946,55,80056.0,11.2,671.0,238800.0,24,0,1,0.36,151700.0,1,Contract,Diploma,Own,1
CUST10947,24,134372.0,5.9,669.0,209800.0,24,2,1,0.4,173500.0,0,Self-employed,Degree,Own,1
CUST10948,27,57997.0,9.9,558.0,115600.0,18,0,0,0.27,131300.0,0,Salaried,Degree,Own,0
CUST10949,39,47363.0,10.8,721.0,63600.0,12,2,2,0.17,39900.0,3,Salaried,Diploma,Own,1
CUST10950,48,35185.0,0.0,640.0,115700.0,24,3,1,0.32,23200.0,5,Salaried,Degree,Rent,0
CUST10951,61,51354.0,8.5,684.0,137400.0,6,2,2,0.33,12800.0,4,Contract,Diploma,Rent,1
CUST10952,42,51053.0,0.0,571.0,63600.0,36,1,2,0.38,49300.0,3,Salaried,Secondary,Rent,1
CUST10953,41,27407.0,9.9,645.0,210200.0,12,2,0,0.22,29900.0,3,Salaried,Degree,Rent,0
CUST10954,25,52385.0,6.0,638.0,375700.0,12,2,2,0.32,115200.0,3,Salaried,Diploma,Own,1
CUST10955,65,55325.0,12.0,571.0,172400.0,36,1,0,0.54,125000.0,1,Business,Degree,Rent,1
CUST10956,52,96327.0,0.0,642.0,88400.0,48,0,1,0.42,117100.0,2,Salaried,Degree,Rent,0
CUST10957,21,92308.0,7.4,589.0,214500.0,24,1,0,0.44,250700.0,0,Business,Degree,Own,1
CUST10958,40,77066.0,6.9,730.0,100800.0,24,0,2,0.59,30400.0,3,Contract,Degree,Rent,1
CUST10959,48,91394.0,5.4,666.0,125900.0,36,1,0,0.2,154700.0,0,Business,Diploma,Rent,1
CUST10960,64,39732.0,10.5,637.0,94900.0,6,1,0,0.45,225900.0,5,Business,Degree,Rent,0
CUST10961,57,30935.0,0.0,669.0,373600.0,6,1,0,0.41,12900.0,0,Self-employed,Degree,Rent,0
CUST10962,32,45698.0,6.6,576.0,182900.0,36,0,0,0.33,42500.0,0,Business,,Own,1
CUST10963,38,64458.0,0.6,494.0,118600.0,24,2,0,0.21,93300.0,4,Self-employed,Postgraduate,Rent,1
CUST10964,65,92224.0,13.0,609.0,285800.0,24,3,3,0.19,82400.0,1,Salaried,Degree,Own,1
CUST10965,25,,10.5,687.0,646600.0,18,0,0,0.05,35300.0,3,Business,Secondary,Rent,1
CUST10966,51,59586.0,5.5,620.0,185600.0,12,1,1,0.38,18500.0,1,Salaried,Degree,Own,1
CUST10967,22,67521.0,10.6,713.0,297300.0,6,0,2,0.47,32700.0,2,Salaried,Postgraduate,Rent,1
CUST10968,65,84641.0,0.0,680.0,102300.0,36,1,2,0.37,89300.0,1,Salaried,Degree,Rent,1
CUST10969,29,28489.0,0.0,700.0,162000.0,36,1,2,0.38,27500.0,2,Salaried,Degree,Family,1
CUST10970,22,20213.0,7.7,693.0,99500.0,36,1,1,0.46,274800.0,5,Business,Degree,Own,0
CUST10971,38,58291.0,5.0,674.0,76000.0,12,3,2,0.26,47200.0,3,Self-employed,Degree,Rent,1
CUST10972,55,30061.0,2.1,582.0,134600.0,48,0,1,0.36,49300.0,1,Contract,Diploma,Rent,1
CUST10973,64,129022.0,1.6,649.0,114800.0,36,0,0,0.51,78700.0,0,Salaried,Diploma,Rent,0
CUST10974,45,48484.0,0.0,732.0,83400.0,24,0,0,0.47,106600.0,4,Self-employed,Secondary,Own,0
CUST10975,36,102119.0,7.7,570.0,107500.0,48,0,0,0.33,85500.0,0,Salaried,Secondary,Rent,1
CUST10976,61,76350.0,13.8,692.0,421600.0,24,2,1,0.15,20100.0,1,Salaried,Degree,Rent,0
CUST10977,64,50351.0,6.7,717.0,83500.0,6,1,0,0.45,39900.0,2,Salaried,Diploma,Rent,1
CUST10978,40,112934.0,12.6,641.0,249600.0,48,1,1,0.26,188300.0,0,Self-employed,Degree,Rent,1
CUST10979,24,,0.0,687.0,131900.0,24,0,1,0.5,364700.0,1,Business,Degree,Own,0
CUST10980,52,34866.0,11.5,599.0,186500.0,6,0,1,0.44,58300.0,3,Contract,Degree,Rent,1
CUST10981,40,59425.0,3.0,615.0,143000.0,18,1,1,0.45,86900.0,3,Contract,Diploma,Family,1
CUST10982,59,63201.0,8.6,661.0,146200.0,18,3,1,0.35,193600.0,0,Business,Diploma,Own,0
CUST10983,35,53581.0,1.4,621.0,208300.0,36,1,1,0.46,31700.0,4,Salaried,Degree,Rent,1
CUST10984,38,64304.0,7.3,760.0,228400.0,6,0,1,0.32,56900.0,4,Salaried,Degree,Rent,0
CUST10985,27,26170.0,13.3,634.0,205900.0,24,0,1,0.48,24000.0,5,Contract,Diploma,Own,1
CUST10986,23,42642.0,11.1,580.0,94600.0,36,1,0,0.46,175700.0,3,Business,Postgraduate,Own,1
CUST10987,28,85385.0,9.9,647.0,133500.0,24,2,1,0.32,50300.0,3,Salaried,Degree,Rent,0
CUST10988,49,44522.0,10.0,672.0,99300.0,18,1,1,0.37,12200.0,2,Salaried,Diploma,Rent,1
CUST10989,28,82640.0,4.0,684.0,164400.0,24,1,1,0.33,66500.0,1,Salaried,Diploma,Own,1
CUST10990,21,50428.0,10.7,617.0,174800.0,36,0,0,0.33,51800.0,4,Salaried,Degree,Own,1
CUST10991,63,108534.0,6.8,591.0,184500.0,6,0,0,0.15,117700.0,2,Business,Degree,Rent,0
CUST10992,41,69945.0,12.3,574.0,86700.0,18,2,3,0.09,141600.0,1,Business,Diploma,Family,1
CUST10993,59,33659.0,8.4,736.0,153900.0,24,2,1,0.46,31800.0,5,Self-employed,Diploma,Rent,0
CUST10994,65,36972.0,5.4,610.0,110700.0,12,0,0,0.4,41400.0,1,Self-employed,Diploma,Rent,1
CUST10995,22,30617.0,5.7,627.0,295200.0,24,0,0,0.29,208800.0,0,Self-employed,Degree,Rent,1
CUST10996,54,60354.0,13.6,730.0,165400.0,12,2,3,0.28,53000.0,5,Salaried,Secondary,Own,0
CUST10997,41,123545.0,4.0,641.0,206600.0,48,1,2,0.41,149300.0,1,Business,Degree,Rent,1
CUST10998,53,58353.0,8.6,691.0,142800.0,12,2,0,0.12,149100.0,2,Self-employed,Degree,Rent,0
CUST10999,59,59143.0,5.7,640.0,125500.0,24,0,0,0.36,47000.0,1,Salaried,Postgraduate,Own,1
CUST11000,60,49304.0,2.2,635.0,173300.0,48,1,0,0.49,270500.0,2,Salaried,,Rent,0
CUST11001,27,61136.0,9.6,714.0,89400.0,12,1,1,0.28,47100.0,0,Salaried,Diploma,Rent,0
CUST11002,35,107635.0,5.1,630.0,352000.0,24,1,0,0.61,206500.0,1,Salaried,Diploma,Rent,1
CUST11003,29,89939.0,4.5,769.0,171700.0,24,1,1,0.44,149100.0,3,Self-employed,Postgraduate,Own,0
CUST11004,50,50380.0,0.0,653.0,226700.0,36,1,1,0.22,87500.0,4,Salaried,Secondary,Rent,0
CUST11005,64,64311.0,19.0,539.0,90200.0,18,1,1,0.31,149100.0,5,Contract,Postgraduate,Rent,1
CUST11006,37,204451.0,4.2,636.0,140700.0,12,2,1,0.43,71400.0,0,Business,Degree,Rent,1
CUST11007,58,147895.0,5.5,646.0,155500.0,18,3,0,0.45,102000.0,3,Salaried,Degree,Own,1
CUST11008,61,56047.0,5.6,776.0,129100.0,18,0,1,0.35,51900.0,3,Business,Degree,Family,0
CUST11009,59,165015.0,9.5,589.0,70000.0,24,1,1,0.1,95700.0,3,Business,Degree,Own,1
CUST11010,41,30579.0,8.2,618.0,177500.0,12,0,0,0.35,91600.0,4,Business,Degree,Own,1
CUST11011,23,41182.0,13.0,674.0,205500.0,6,2,2,0.36,53700.0,3,Salaried,Degree,Rent,0
CUST11012,57,47077.0,3.6,615.0,75900.0,6,0,0,0.52,125100.0,0,Business,Diploma,Own,0
CUST11013,37,46938.0,0.0,677.0,187500.0,12,2,0,0.41,8700.0,5,Business,Secondary,Rent,0
CUST11014,37,92663.0,8.9,681.0,102800.0,12,1,0,0.4,107100.0,1,Business,Diploma,Rent,1
CUST11015,31,55184.0,14.8,710.0,155200.0,48,3,0,0.33,199300.0,4,Contract,Degree,Family,1
CUST11016,30,54334.0,2.2,732.0,228400.0,12,3,1,0.37,83100.0,3,Self-employed,Postgraduate,Rent,1
CUST11017,21,28881.0,7.8,746.0,94700.0,24,0,0,0.15,96100.0,1,Business,Degree,Own,1
CUST11018,30,44556.0,8.0,586.0,258700.0,36,2,0,0.34,11700.0,4,Salaried,Diploma,Rent,0
CUST11019,45,37801.0,13.1,660.0,480500.0,24,0,0,0.46,232900.0,4,Business,Degree,Rent,1
CUST11020,36,109380.0,3.4,596.0,526700.0,6,0,1,0.28,153500.0,0,Salaried,Degree,Rent,1
CUST11021,58,35197.0,4.3,641.0,86200.0,18,1,0,0.29,54200.0,3,SELF-EMPLOYED,Diploma,Family,1
CUST11022,52,68848.0,8.2,798.0,127600.0,24,0,0,0.24,182800.0,2,Salaried,Diploma,Rent,0
CUST11023,45,42259.0,13.1,622.0,199600.0,6,0,1,0.48,108600.0,4,Business,Degree,Own,1
CUST11024,33,59679.0,5.2,715.0,171100.0,48,0,1,0.64,179900.0,2,Salaried,Degree,Own,1
CUST11025,63,82827.0,4.3,612.0,97300.0,12,2,0,0.27,63200.0,2,Salaried,Diploma,Rent,1
CUST11026,36,51105.0,6.3,633.0,150300.0,24,2,1,0.18,12100.0,4,Business,Diploma,,0
CUST11027,61,26725.0,9.5,592.0,316100.0,6,0,1,0.32,159000.0,0,SELF-EMPLOYED,Degree,Own,0
CUST11028,40,41777.0,12.3,572.0,93400.0,12,1,1,0.42,53800.0,0,Self-employed,Degree,Own,1
CUST11029,48,73049.0,2.9,662.0,60400.0,18,0,2,0.23,58000.0,0,Salaried,Degree,Family,1
CUST11030,28,,6.3,629.0,154600.0,12,1,1,0.23,29900.0,5,SELF-EMPLOYED,Degree,Rent,1
CUST11031,51,22854.0,11.0,637.0,189200.0,12,2,1,0.36,201400.0,2,Business,Diploma,Rent,0
CUST11032,48,41520.0,12.3,630.0,267000.0,24,2,0,0.17,21800.0,0,Salaried,Diploma,Own,1
CUST11033,49,29192.0,3.7,675.0,85900.0,24,1,3,0.45,60600.0,5,Salaried,Diploma,Own,1
CUST11034,62,47311.0,1.6,591.0,199200.0,36,0,1,0.5,31300.0,3,Self-employed,Degree,Own,1
CUST11035,54,46949.0,9.6,732.0,98400.0,12,0,1,0.13,35300.0,0,Salaried,Degree,Rent,0
CUST11036,57,46564.0,12.4,661.0,177000.0,36,0,2,0.52,65700.0,0,Business,Degree,Own,1
CUST11037,62,56218.0,8.8,,144800.0,48,0,0,0.33,47400.0,1,Salaried,Postgraduate,Rent,1
CUST11038,40,43077.0,0.0,752.0,171700.0,36,0,1,0.47,238800.0,5,Salaried,Degree,Own,1
CUST11039,25,80436.0,4.1,683.0,395200.0,12,2,0,0.35,50500.0,1,Salaried,Diploma,Rent,1
CUST11040,47,76069.0,7.5,726.0,146800.0,18,0,0,0.38,82000.0,2,Self-employed,Degree,Family,0
CUST11041,57,36427.0,5.5,690.0,78300.0,24,1,1,0.33,70400.0,2,Business,Degree,Own,0
CUST11042,57,62968.0,7.6,738.0,140500.0,6,1,0,0.29,147400.0,5,Salaried,Diploma,Rent,0
CUST11043,51,38509.0,4.2,593.0,300000.0,18,1,2,0.42,183500.0,1,Salaried,Secondary,Own,1
CUST11044,53,62177.0,7.4,717.0,353600.0,36,2,0,0.35,19800.0,1,Business,Secondary,Family,1
CUST11045,52,41488.0,4.8,682.0,134000.0,36,0,0,0.31,127700.0,5,Business,Diploma,Own,0
CUST11046,37,51246.0,13.9,649.0,154400.0,6,1,0,0.39,52000.0,3,Salaried,Degree,Own,0
CUST11047,63,23504.0,9.7,571.0,106200.0,36,0,0,0.41,100900.0,1,Salaried,Secondary,Own,1
CUST11048,43,77653.0,3.3,670.0,561100.0,36,0,1,0.31,96800.0,0,Self-employed,Degree,Rent,1
CUST11049,65,76510.0,11.3,561.0,165400.0,6,1,1,0.41,71100.0,5,Salaried,Degree,Rent,1
CUST11050,61,54221.0,13.1,665.0,249900.0,24,0,1,-0.1,125100.0,0,SELF-EMPLOYED,Degree,Own,1
CUST11051,57,33034.0,4.7,687.0,162800.0,36,2,0,0.33,418200.0,5,Salaried,Degree,Own,0
CUST11052,37,131910.0,0.0,693.0,101500.0,12,3,3,0.25,18900.0,0,Self-employed,Diploma,Own,1
CUST11053,38,65650.0,0.0,579.0,263200.0,24,1,1,0.4,94600.0,3,Self-employed,Diploma,Family,1
CUST11054,34,119926.0,6.6,583.0,75800.0,36,2,1,0.27,44900.0,0,Self-employed,Degree,Own,1
CUST11055,36,43855.0,0.0,593.0,281800.0,24,3,3,0.35,128300.0,1,Self-employed,Postgraduate,Rent,1
CUST11056,44,42790.0,9.3,653.0,214100.0,12,1,2,0.25,110700.0,2,Self-employed,Diploma,Own,1
CUST11057,59,80549.0,11.9,733.0,254800.0,36,2,0,0.55,107100.0,3,Contract,Degree,Rent,1
CUST11058,23,31449.0,16.2,661.0,267100.0,24,0,0,0.48,62000.0,0,Business,Diploma,Rent,0
CUST11059,33,48586.0,5.6,688.0,104000.0,36,1,3,0.45,100600.0,5,Business,Secondary,Rent,1
CUST11060,59,68900.0,8.7,681.0,336000.0,36,2,1,0.64,148500.0,4,Salaried,Postgraduate,Own,1
CUST11061,41,59694.0,9.5,588.0,322900.0,24,0,1,0.28,75900.0,5,Self-employed,Degree,,1
CUST11062,39,74353.0,8.7,705.0,189300.0,12,0,2,0.29,97300.0,0,Salaried,Degree,Rent,0
CUST11063,36,39599.0,6.5,671.0,109300.0,36,1,1,0.46,66800.0,2,Salaried,Degree,Rent,0
CUST11064,48,36442.0,4.4,711.0,85500.0,36,1,1,0.35,58800.0,2,Self-employed,Diploma,Rent,0
CUST11065,25,,9.1,607.0,73200.0,24,1,1,0.34,77800.0,0,Salaried,Diploma,Rent,1
CUST11066,28,48879.0,8.5,574.0,189500.0,24,1,1,0.32,40200.0,4,Business,Secondary,Rent,1
CUST11067,35,55300.0,10.9,623.0,266100.0,18,0,1,0.36,74100.0,3,Contract,Diploma,Rent,1
CUST11068,29,55915.0,11.6,651.0,36500.0,36,1,0,0.4,75800.0,3,Business,Degree,Family,1
CUST11069,38,42257.0,0.7,636.0,124100.0,24,2,0,0.51,77000.0,0,Business,Secondary,Family,1
CUST11070,40,60476.0,3.4,704.0,115700.0,24,3,2,0.29,73800.0,1,Salaried,Postgraduate,Rent,1
CUST11071,56,38857.0,2.3,585.0,206300.0,24,0,1,0.32,146600.0,2,Salaried,Secondary,Rent,1
CUST11072,65,106796.0,7.0,623.0,110300.0,18,0,2,0.38,43700.0,4,Self-employed,Diploma,Family,1
CUST11073,64,98167.0,13.3,561.0,144800.0,12,1,2,0.29,224600.0,1,Salaried,Degree,Own,1
CUST11074,46,,15.0,644.0,136300.0,36,1,1,0.55,15100.0,1,Contract,Diploma,Rent,1
CUST11075,22,76339.0,2.3,596.0,197500.0,36,1,0,0.28,45500.0,2,Business,Secondary,Rent,1
CUST11076,58,85581.0,12.6,627.0,178800.0,24,2,0,0.44,93700.0,2,Business,Postgraduate,Family,1
CUST11077,26,76815.0,9.2,656.0,199800.0,24,1,0,0.2,105700.0,4,Salaried,Degree,Rent,1
CUST11078,23,85350.0,15.3,614.0,139200.0,24,0,0,0.5,57000.0,5,Salaried,Diploma,Own,1
CUST11079,41,57315.0,6.9,670.0,254900.0,24,0,1,0.36,83500.0,1,Salaried,Degree,Rent,0
CUST11080,43,97086.0,8.9,663.0,129000.0,36,4,0,0.35,234700.0,0,Salaried,Secondary,Family,0
CUST11081,46,86560.0,8.5,620.0,625600.0,12,0,1,0.22,94200.0,0,Business,Degree,Own,1
CUST11082,42,31863.0,2.6,640.0,199800.0,36,0,0,0.58,112300.0,5,Salaried,Degree,Rent,1
CUST11083,40,45820.0,0.0,667.0,358500.0,12,1,1,0.27,151500.0,3,Salaried,Degree,Rent,1
CUST11084,65,55141.0,3.6,616.0,145000.0,12,1,0,0.29,99700.0,2,Salaried,Diploma,Own,0
CUST11085,50,66020.0,12.4,716.0,355700.0,36,0,4,0.36,353700.0,1,Business,Postgraduate,Own,1
CUST11086,52,66432.0,8.6,551.0,87600.0,24,3,0,0.54,49200.0,0,Salaried,Degree,Own,1
CUST11087,22,13857.0,10.9,639.0,76900.0,24,1,1,0.46,213900.0,1,Business,Diploma,Rent,1
CUST11088,60,51179.0,1.3,709.0,214200.0,36,2,2,0.59,279500.0,4,Self-employed,Degree,Family,0
CUST11089,59,72707.0,,707.0,155000.0,12,2,0,0.6,41200.0,4,Self-employed,Degree,Rent,0
CUST11090,58,70521.0,0.0,664.0,339500.0,24,1,0,0.45,258700.0,4,Salaried,Postgraduate,Rent,0
CUST11091,50,20262.0,6.0,585.0,488800.0,48,1,2,0.32,68800.0,1,Self-employed,Secondary,Own,1
CUST11092,52,111905.0,7.5,727.0,81900.0,18,1,1,0.34,43800.0,3,Salaried,Degree,Rent,0
CUST11093,47,136589.0,5.2,655.0,129100.0,36,1,0,0.13,147900.0,0,Contract,Degree,Rent,0
CUST11094,32,54583.0,11.3,685.0,234000.0,24,0,2,0.48,92300.0,0,Salaried,Degree,Rent,1
CUST11095,43,46760.0,2.4,579.0,92200.0,24,1,0,0.37,30300.0,1,Business,Degree,Rent,0
CUST11096,35,31478.0,15.4,,76300.0,12,1,0,0.32,77000.0,2,Self-employed,Degree,Rent,1
CUST11097,55,94973.0,10.2,597.0,212800.0,36,0,1,0.36,244200.0,0,Salaried,Degree,Rent,0
CUST11098,61,105337.0,6.8,,115900.0,6,1,2,0.38,94600.0,0,Contract,Degree,Rent,0
CUST11099,63,,5.1,702.0,101200.0,12,0,1,0.25,199200.0,4,Salaried,Diploma,Own,0
CUST11100,23,27739.0,,609.0,155100.0,36,1,0,0.53,55200.0,4,Salaried,Secondary,Rent,1
CUST11101,35,43612.0,7.4,685.0,110600.0,24,1,0,0.37,77000.0,0,Salaried,Degree,Family,1
CUST11102,25,78021.0,12.0,584.0,194300.0,24,0,2,0.29,67900.0,2,Salaried,Postgraduate,Family,1
CUST11103,48,86177.0,2.2,622.0,96500.0,24,1,0,0.1,28800.0,1,Contract,Diploma,Own,0
CUST11104,60,80234.0,7.7,710.0,349300.0,12,1,0,0.4,113500.0,2,Salaried,Degree,Rent,0
CUST11105,30,59936.0,5.8,642.0,81200.0,12,1,2,0.27,37700.0,5,Self-employed,Secondary,Family,0
CUST11106,42,36099.0,11.3,625.0,214000.0,36,2,3,0.58,73000.0,3,Self-employed,Degree,Rent,1
CUST11107,23,47984.0,8.5,615.0,108000.0,24,0,1,0.34,39900.0,3,Self-employed,Secondary,Family,1
CUST11108,59,96184.0,6.9,754.0,179000.0,24,0,0,0.5,87200.0,4,Contract,Diploma,Own,0
CUST11109,58,56185.0,3.4,653.0,102200.0,12,0,2,0.29,21400.0,5,Business,Diploma,Rent,0
CUST11110,56,49647.0,10.8,694.0,94900.0,36,0,0,0.17,104900.0,1,Salaried,Degree,Family,1
CUST11111,64,53787.0,8.9,652.0,575900.0,24,1,0,0.21,51400.0,2,Self-employed,Degree,Rent,1
CUST11112,22,64811.0,5.0,657.0,204700.0,12,0,0,0.31,133600.0,0,Salaried,Diploma,Own,0
CUST11113,45,87030.0,0.0,677.0,205500.0,24,1,0,0.38,37200.0,5,Self-employed,Secondary,Rent,1
CUST11114,58,49144.0,19.3,711.0,74200.0,36,1,2,0.42,27600.0,2,Business,Degree,Rent,0
CUST11115,50,50917.0,10.1,804.0,239800.0,12,0,0,0.41,35000.0,1,SELF-EMPLOYED,Secondary,Rent,0
CUST11116,26,36452.0,6.3,659.0,193000.0,24,1,1,0.35,20000.0,0,Business,Diploma,Rent,0
CUST11117,35,33620.0,10.6,664.0,246000.0,24,1,1,0.19,60200.0,4,Self-employed,Secondary,Rent,1
CUST11118,41,66141.0,2.4,719.0,177000.0,6,1,1,0.3,40300.0,5,Contract,Diploma,Family,1
CUST11119,40,93666.0,19.0,638.0,431300.0,24,1,2,0.3,154400.0,0,Self-employed,Diploma,Own,1
CUST11120,33,82437.0,15.0,676.0,251200.0,6,2,1,0.46,36300.0,5,Salaried,,Rent,1
CUST11121,31,92147.0,7.6,592.0,163900.0,12,0,4,0.37,176700.0,4,Salaried,Diploma,Rent,1
CUST11122,24,70382.0,2.2,516.0,194600.0,36,2,1,0.11,256100.0,0,Salaried,Secondary,Rent,1
CUST11123,54,83136.0,6.7,713.0,206600.0,24,2,2,0.05,125700.0,3,Contract,Degree,Family,0
CUST11124,34,47981.0,0.0,686.0,134900.0,18,2,0,0.3,69900.0,2,SELF-EMPLOYED,Secondary,Family,0
CUST11125,58,70132.0,7.9,701.0,186900.0,18,2,0,0.27,28900.0,4,Salaried,Postgraduate,Own,0
CUST11126,32,48122.0,6.5,668.0,170000.0,6,2,2,0.3,266200.0,5,Business,Secondary,Rent,1
CUST11127,34,62927.0,12.9,636.0,287900.0,6,0,0,0.26,81300.0,2,Self-employed,Degree,Rent,0
CUST11128,34,83996.0,2.1,662.0,105000.0,36,0,0,0.4,98100.0,2,Salaried,Degree,Own,0
CUST11129,45,51867.0,0.9,697.0,85700.0,12,0,2,0.42,74600.0,4,Salaried,Secondary,Rent,1
CUST11130,39,74877.0,4.7,651.0,137600.0,36,0,0,0.53,359900.0,5,Salaried,Diploma,Own,1
CUST11131,38,90157.0,4.2,671.0,113700.0,12,0,0,0.39,272600.0,3,Self-employed,Degree,Own,1
CUST11132,32,82950.0,0.0,598.0,107600.0,24,1,2,0.59,34000.0,2,Salaried,Degree,Rent,1
CUST11133,23,184111.0,7.7,670.0,347900.0,12,0,0,0.29,13700.0,4,Salaried,Postgraduate,Rent,0
CUST11134,57,52347.0,4.1,662.0,163300.0,48,0,0,0.15,64200.0,0,Salaried,Diploma,Family,0
CUST11135,29,53718.0,0.0,651.0,120300.0,48,2,2,0.37,42200.0,0,Salaried,Degree,Own,1
CUST11136,49,48963.0,3.7,793.0,257300.0,18,2,0,0.49,262100.0,4,Salaried,Diploma,Rent,0
CUST11137,48,57838.0,10.1,542.0,288500.0,36,2,2,0.38,83200.0,3,Self-employed,Degree,Own,1
CUST11138,42,56528.0,0.0,628.0,56200.0,12,2,1,0.42,46700.0,3,Salaried,Diploma,Rent,1
CUST11139,21,287047.0,0.3,577.0,108800.0,24,2,1,0.44,70200.0,3,Contract,Postgraduate,Own,1
CUST11140,32,48204.0,7.7,641.0,212200.0,12,0,0,0.36,134900.0,4,Salaried,Degree,Family,1
CUST11141,24,91427.0,10.9,591.0,119500.0,24,0,2,0.42,48800.0,1,Business,Secondary,Family,1
CUST11142,44,43552.0,12.1,686.0,61700.0,48,1,1,0.29,53500.0,5,Salaried,Diploma,Own,0
CUST11143,23,33539.0,8.9,648.0,300500.0,12,2,1,0.55,72900.0,2,Salaried,Diploma,Rent,1
CUST11144,26,71182.0,3.8,615.0,183300.0,12,0,0,0.45,28100.0,1,Salaried,Postgraduate,Own,1
CUST11145,21,49481.0,7.3,616.0,78200.0,18,0,1,0.53,57500.0,0,Salaried,Degree,Rent,1
CUST11146,37,59305.0,3.8,688.0,161400.0,48,0,1,0.12,251800.0,0,Salaried,Diploma,,1
CUST11147,23,111574.0,8.0,683.0,270400.0,18,2,2,0.16,85900.0,3,Business,Degree,Own,0
CUST11148,23,38541.0,3.0,697.0,81000.0,12,3,1,0.51,49800.0,1,Self-employed,Postgraduate,Own,0
CUST11149,29,20759.0,9.6,718.0,103300.0,6,1,0,0.36,114600.0,2,Salaried,Degree,Own,0
CUST11150,38,38647.0,2.4,747.0,111900.0,18,2,1,0.35,48300.0,3,Salaried,Degree,Rent,0
CUST11151,53,99245.0,13.8,643.0,118500.0,24,0,2,0.41,61400.0,4,Salaried,Secondary,Rent,1
CUST11152,63,117305.0,3.3,553.0,68300.0,12,4,2,0.32,30600.0,3,Salaried,Secondary,Rent,1
CUST11153,46,182512.0,9.7,617.0,273900.0,18,1,1,0.17,124200.0,5,Contract,Degree,Own,1
CUST11154,42,64204.0,1.5,626.0,102900.0,12,0,0,0.14,73000.0,2,Business,Degree,Own,0
CUST11155,21,105040.0,6.9,729.0,67300.0,24,0,0,0.39,17900.0,1,Self-employed,Diploma,Rent,0
CUST11156,39,117109.0,9.4,675.0,137200.0,18,0,0,0.42,26400.0,1,Salaried,Diploma,Rent,0
CUST11157,26,52185.0,2.2,740.0,87400.0,12,2,5,0.41,61900.0,2,Self-employed,Degree,Rent,0
CUST11158,46,57686.0,1.3,627.0,129400.0,18,0,3,0.41,218700.0,2,Business,Degree,Rent,1
CUST11159,41,134321.0,8.5,627.0,175700.0,24,0,1,0.17,117400.0,1,Business,Diploma,Own,1
CUST11160,25,53873.0,0.5,750.0,119200.0,24,2,2,0.24,15900.0,2,Contract,Postgraduate,Own,1
CUST11161,38,103682.0,21.6,604.0,306400.0,36,0,0,0.14,82000.0,4,Salaried,Degree,Own,0
CUST11162,65,108044.0,10.8,712.0,107400.0,36,2,0,0.23,69700.0,2,Self-employed,Postgraduate,Rent,0
CUST11163,35,55911.0,5.5,618.0,149800.0,24,0,1,0.29,23000.0,0,Salaried,Postgraduate,Own,1
CUST11164,40,55417.0,5.1,709.0,314400.0,12,1,2,0.25,37200.0,1,Salaried,Diploma,Family,1
CUST11165,48,52517.0,9.1,713.0,202200.0,24,1,1,0.31,76600.0,3,Self-employed,Secondary,Own,1
CUST11166,57,56458.0,11.9,715.0,145300.0,6,0,2,0.44,70400.0,3,Salaried,Postgraduate,Rent,1
CUST11167,29,46433.0,11.2,741.0,150500.0,24,1,0,0.46,76100.0,0,Business,Diploma,Own,0
CUST11168,46,31397.0,2.1,614.0,122400.0,36,2,2,0.26,43400.0,0,Salaried,Diploma,Own,1
CUST11169,40,32255.0,14.9,613.0,149800.0,48,2,1,0.32,62000.0,5,Business,Degree,Rent,1
CUST11170,63,43544.0,0.0,630.0,132500.0,48,0,0,0.26,61100.0,3,Self-employed,Postgraduate,Own,1
CUST11171,27,38178.0,0.0,624.0,173100.0,12,1,0,0.35,695900.0,1,Self-employed,Secondary,Own,0
CUST11172,29,91362.0,8.1,623.0,109500.0,24,1,0,0.3,82900.0,3,Self-employed,Diploma,Family,0
CUST11173,53,36673.0,5.4,747.0,288900.0,12,0,0,0.06,67100.0,0,Salaried,Postgraduate,Own,0
CUST11174,42,61161.0,5.5,740.0,199200.0,12,1,1,0.39,30000.0,5,Business,Degree,Family,1
CUST11175,21,73795.0,10.8,636.0,289000.0,18,0,0,0.39,42500.0,1,Business,Diploma,Rent,1
CUST11176,28,88116.0,13.4,609.0,190200.0,24,0,0,0.43,174300.0,0,Salaried,Diploma,Rent,1
CUST11177,54,165820.0,5.0,701.0,103200.0,12,1,0,0.22,70400.0,3,Salaried,Diploma,Family,0
CUST11178,59,84750.0,5.6,669.0,201300.0,24,1,3,0.57,96800.0,5,Salaried,Degree,Own,1
CUST11179,45,76983.0,6.3,651.0,88100.0,36,1,0,0.34,122900.0,0,Salaried,Degree,Rent,1
CUST11180,53,49140.0,8.5,621.0,199100.0,24,2,3,0.4,128600.0,3,Salaried,Diploma,Own,1
CUST11181,29,78497.0,4.6,619.0,221700.0,24,1,0,0.24,31800.0,0,Salaried,Degree,Family,1
CUST11182,64,64289.0,2.9,659.0,437600.0,12,1,0,0.21,89500.0,4,Salaried,Degree,Rent,0
CUST11183,64,69370.0,6.0,701.0,190500.0,12,0,0,0.39,41100.0,5,Salaried,Secondary,Own,1
CUST11184,37,55910.0,0.4,647.0,127600.0,12,1,0,0.27,97100.0,4,Salaried,Diploma,Rent,0
CUST11185,31,65816.0,0.7,620.0,123700.0,18,1,0,0.34,31100.0,5,Salaried,Degree,Own,1
CUST11186,39,40397.0,7.6,533.0,278900.0,24,1,1,0.47,89700.0,2,Self-employed,Postgraduate,Family,1
CUST11187,42,66771.0,8.5,590.0,87500.0,18,2,2,0.63,43300.0,0,Contract,Degree,Rent,1
CUST11188,29,50384.0,16.0,661.0,218300.0,24,0,1,0.34,49500.0,5,Contract,Diploma,Own,1
CUST11189,30,37952.0,0.0,760.0,265300.0,48,2,1,0.47,105400.0,0,Self-employed,Secondary,Own,1
CUST11190,45,77190.0,11.6,515.0,246400.0,36,2,2,0.44,34700.0,5,Self-employed,Degree,Rent,1
CUST11191,41,92218.0,9.9,676.0,263400.0,12,0,3,0.5,518500.0,3,Salaried,Diploma,Own,1
CUST11192,31,144956.0,4.1,615.0,236500.0,18,4,0,0.4,87200.0,5,Salaried,Diploma,Own,0
CUST11193,40,86897.0,8.6,632.0,153000.0,12,0,1,0.4,65800.0,5,Salaried,Diploma,Rent,1
CUST11194,32,38156.0,0.0,624.0,206600.0,18,0,0,0.29,143500.0,2,Business,Secondary,Own,1
CUST11195,59,78005.0,9.8,576.0,134600.0,36,4,0,0.4,246300.0,5,Business,Secondary,Rent,1
CUST11196,35,50169.0,8.8,701.0,139200.0,36,1,1,0.19,71200.0,2,Contract,Diploma,Family,1
CUST11197,26,56995.0,9.2,648.0,154100.0,6,1,0,0.34,211200.0,5,Contract,Postgraduate,Own,1
CUST11198,37,19439.0,6.8,600.0,106500.0,24,0,1,0.33,345900.0,1,Salaried,Secondary,Rent,1
CUST11199,25,85719.0,14.2,609.0,309900.0,24,0,1,0.39,54900.0,0,Salaried,Degree,Rent,1
CUST11200,35,69729.0,7.7,540.0,155600.0,24,1,0,0.3,172500.0,3,Contract,Diploma,Rent,1
CUST10297,27,82218.0,8.0,748.0,166600.0,12,2,1,0.38,114600.0,5,Self-employed,Degree,Rent,0
CUST10591,56,74626.0,5.1,595.0,208500.0,36,1,1,0.49,24800.0,4,Business,Diploma,Own,0
CUST10440,36,40765.0,10.9,640.0,113800.0,36,0,1,0.52,144300.0,4,Salaried,Secondary,Rent,1
CUST11041,57,36427.0,5.5,690.0,78300.0,24,1,1,0.33,70400.0,2,Business,Degree,Own,0
CUST10562,30,30520.0,,640.0,221400.0,18,0,0,0.23,58700.0,5,Salaried,Secondary,Family,0
CUST10665,60,32726.0,8.8,726.0,204200.0,6,2,2,0.56,150400.0,2,Salaried,Degree,Own,1
CUST10110,46,38486.0,0.7,592.0,123700.0,36,0,1,0.12,123900.0,1,Business,Diploma,Own,0
CUST10288,22,137156.0,7.0,676.0,91200.0,24,0,2,0.29,31800.0,4,Salaried,Degree,Rent,0
CUST10634,61,46336.0,5.4,669.0,62600.0,24,0,2,0.17,57200.0,4,Contract,Degree,Rent,0
CUST10042,26,69151.0,8.7,614.0,204700.0,24,4,0,0.39,72400.0,1,Salaried,Diploma,Family,1
CUST11101,35,43612.0,7.4,685.0,110600.0,24,1,0,0.37,77000.0,0,Salaried,Degree,Family,1
CUST10054,65,30620.0,1.8,665.0,112400.0,36,0,2,0.42,238700.0,5,Salaried,Diploma,Own,1
